level,video
2251,https://www.youtube.com/watch?v=lISd003kdiE
2252,https://www.youtube.com/watch?v=__JC1Hir1eY
2253,https://www.youtube.com/watch?v=PF-bBWLrQQI
2254,https://www.youtube.com/watch?v=mQiKwdd62_E
2255,https://www.youtube.com/watch?v=VswYuo9VlqQ
2256,https://www.youtube.com/watch?v=-cy4MooZT3w
2257,https://www.youtube.com/watch?v=gH-Vi1CBUJ4
2258,https://www.youtube.com/watch?v=mxoRQFhZhE4
2259,https://www.youtube.com/watch?v=TJY2t8QNpbo
2260,https://www.youtube.com/watch?v=oFsD7z0XPH8
2261,https://www.youtube.com/watch?v=BnRK-CAsqug
2262,https://www.youtube.com/watch?v=5a6WBGYSltw
2263,https://www.youtube.com/watch?v=GukB6sZOjgQ
2264,https://www.youtube.com/watch?v=ukSZe_y78Jw
2265,https://www.youtube.com/watch?v=lmZSjlnVeUk
2266,https://www.youtube.com/watch?v=htfQMenEM1w
2267,https://www.youtube.com/watch?v=UTAAveEPMZo
2268,https://www.youtube.com/watch?v=ZG8mD9mIoww
2269,https://www.youtube.com/watch?v=mazgCJ3q9qY
2270,https://www.youtube.com/watch?v=nSnH4P2z_SE
2271,https://www.youtube.com/watch?v=s_F0xlTJUWA
2272,https://www.youtube.com/watch?v=2aLmTs4_7Hk
2273,https://www.youtube.com/watch?v=zsfjAlskkp4
2274,https://www.youtube.com/watch?v=qLm6OzyvoX8
2275,https://www.youtube.com/watch?v=MgQT9UQHskM
2276,https://www.youtube.com/watch?v=cg9JokO60gI
2277,https://www.youtube.com/watch?v=YrIWdij9BxY
2278,https://www.youtube.com/watch?v=33vAyDYS2JU
2279,https://www.youtube.com/watch?v=t5qMAfggSgc
2280,https://www.youtube.com/watch?v=0H1KaCIeAq8
2281,https://www.youtube.com/watch?v=BAM56KKhR8A
2282,https://www.youtube.com/watch?v=0t0RQj2pF78
2283,https://www.youtube.com/watch?v=WJ7LJULNksc
2284,https://www.youtube.com/watch?v=neN4jNuHuRo
2285,https://www.youtube.com/watch?v=RwZjBCr7zSg
2286,https://www.youtube.com/watch?v=wmurvMk3O2Q
2287,https://www.youtube.com/watch?v=4qWKOEnMtWo
2288,https://www.youtube.com/watch?v=59oPlGvc5so
2289,https://www.youtube.com/watch?v=Xto2Ohq3008
2290,https://www.youtube.com/watch?v=uS-yZVv8UnM
2291,https://www.youtube.com/watch?v=fKJAhAll9UI
2292,https://www.youtube.com/watch?v=Vhizs2u3_00
2293,https://www.youtube.com/watch?v=Ol8fsIf5ifY
2294,https://www.youtube.com/watch?v=LltWR-csnuc
2295,https://www.youtube.com/watch?v=sNr8WD7Q5xY
2296,https://www.youtube.com/watch?v=81KwxdJ__KM
2297,https://www.youtube.com/watch?v=2eY1OOG7AvM
2298,https://www.youtube.com/watch?v=ohg4JiOwXwc
2299,https://www.youtube.com/watch?v=ALardhHqt9w
2300,https://www.youtube.com/watch?v=1bIiO3Yf170
2301,https://www.youtube.com/watch?v=LUH9FBPh4oA
2302,https://www.youtube.com/watch?v=Z6hpTtu3Pug
2303,https://www.youtube.com/watch?v=AbVZyFDMr54
2304,https://www.youtube.com/watch?v=MLhRBhuHNsw
2305,https://www.youtube.com/watch?v=i8J1BTMYa3o
2306,https://www.youtube.com/watch?v=ZkPQUYdMoGo
2307,https://www.youtube.com/watch?v=Akkn4RRkoGk
2308,https://www.youtube.com/watch?v=uyjX2iTUH6U
2309,https://www.youtube.com/watch?v=DNOWjCfdI5A
2310,https://www.youtube.com/watch?v=6H_3KjXqjOc
2311,https://www.youtube.com/watch?v=2GRmpslo5Gk
2312,https://www.youtube.com/watch?v=tJdGycLsUoo
2313,https://www.youtube.com/watch?v=l7hxFLcINOk
2314,https://www.youtube.com/watch?v=9IyaaIMb8BU
2315,https://www.youtube.com/watch?v=TSb_SNrjM0M
2316,https://www.youtube.com/watch?v=x3ETzTxdsUs
2317,https://www.youtube.com/watch?v=Elu2VAa2GRk
2318,https://www.youtube.com/watch?v=m83QHeHpgX0
2319,https://www.youtube.com/watch?v=3Suf0hXLj9g
2320,https://www.youtube.com/watch?v=IrjAEEJgl2I
2321,https://www.youtube.com/watch?v=wts6o6wFHh8
2322,https://www.youtube.com/watch?v=bt4jH43Wq-k
2323,https://www.youtube.com/watch?v=JpAZY27MIcI
2324,https://www.youtube.com/watch?v=ByAIgPqGUK8
2325,https://www.youtube.com/watch?v=KZ1e0UDfiiw
2326,https://www.youtube.com/watch?v=Cy5OeXOfHxc
2327,https://www.youtube.com/watch?v=LeeouNghEPA
2328,https://www.youtube.com/watch?v=PYoOBC1rawI
2329,https://www.youtube.com/watch?v=2_LQcVM48zQ
2330,https://www.youtube.com/watch?v=Ip-GgpdTEYU
2331,https://www.youtube.com/watch?v=rhXWxvKB0tI
2332,https://www.youtube.com/watch?v=WXDJq-GWExw
2333,https://www.youtube.com/watch?v=ML2qdZg-q88
2334,https://www.youtube.com/watch?v=qT7bpk6p-2Y
2335,https://www.youtube.com/watch?v=xTz3v9YLadM
2336,https://www.youtube.com/watch?v=MRc1Qw2m2GI
2337,https://www.youtube.com/watch?v=dCqpTu-kaNY
2338,https://www.youtube.com/watch?v=xCpUmQJCyd8
2339,https://www.youtube.com/watch?v=MA4wRAzfg68
2340,https://www.youtube.com/watch?v=KHorNqCPvbQ
2341,https://www.youtube.com/watch?v=hG9m55Mhijg
2342,https://www.youtube.com/watch?v=div_ZCTX_Kw
2343,https://www.youtube.com/watch?v=t1gZhT2U_6Q
2344,https://www.youtube.com/watch?v=DYmv-YtBZzA
2345,https://www.youtube.com/watch?v=DnVtwhAM3Ak
2346,https://www.youtube.com/watch?v=We1e4csmX7s
2347,https://www.youtube.com/watch?v=nppBx2EulTg
2348,https://www.youtube.com/watch?v=-AV1GSloRME
2349,https://www.youtube.com/watch?v=JRy0Y2RfGV8
2350,https://www.youtube.com/watch?v=ksRceln26NQ
2351,https://www.youtube.com/watch?v=0APaJa7c_hE
2352,https://www.youtube.com/watch?v=AGMsjID8gB0
2353,https://www.youtube.com/watch?v=kbELJxL8Y8g
2354,https://www.youtube.com/watch?v=audikUa7AhY
2355,https://www.youtube.com/watch?v=tDILpTSxaHA
2356,https://www.youtube.com/watch?v=Aug1vUdzQj8
2357,https://www.youtube.com/watch?v=jQvdPfnERyI
2358,https://www.youtube.com/watch?v=SDn0Ss6b_-4
2359,https://www.youtube.com/watch?v=uem3LWCE4ng
2360,https://www.youtube.com/watch?v=gHdS43XbuFI
2361,https://www.youtube.com/watch?v=5wZIatR7SfQ
2362,https://www.youtube.com/watch?v=7X8amAZ5Jq4
2363,https://www.youtube.com/watch?v=JF5OuNICHdM
2364,https://www.youtube.com/watch?v=ZkspJaQXGwg
2365,https://www.youtube.com/watch?v=V_0l8iIQ0LM
2366,https://www.youtube.com/watch?v=aKbY30jCQb4
2367,https://www.youtube.com/watch?v=LcezT16DgIY
2368,https://www.youtube.com/watch?v=qS-TVAXbx08
2369,https://www.youtube.com/watch?v=I3k4DKkJ0P8
2370,https://www.youtube.com/watch?v=Qxkr1vQ549I
2371,https://www.youtube.com/watch?v=QUx4BBH_6BI
2372,https://www.youtube.com/watch?v=n74Qfunql5w
2373,https://www.youtube.com/watch?v=BQx3m9MAoBs
2374,https://www.youtube.com/watch?v=IPuLwGmZS40
2375,https://www.youtube.com/watch?v=1jFTBrnEOWI
2376,https://www.youtube.com/watch?v=ke5fk0ZtuqQ
2377,https://www.youtube.com/watch?v=9GQlBz6vlIc
2378,https://www.youtube.com/watch?v=GqckiCVjE0c
2379,https://www.youtube.com/watch?v=fduT1O8j85U
2380,https://www.youtube.com/watch?v=DH1C6MCvpkE
2381,https://www.youtube.com/watch?v=aan5fqBdKgs
2382,https://www.youtube.com/watch?v=ZKA1bwvzMwo
2383,https://www.youtube.com/watch?v=E3iaN7etuTI
2384,https://www.youtube.com/watch?v=Csg2p17osYY
2385,https://www.youtube.com/watch?v=mgLgcgo9zaI
2386,https://www.youtube.com/watch?v=aMTfimYQ274
2387,https://www.youtube.com/watch?v=mRtQQcYnPSI
2388,https://www.youtube.com/watch?v=NFkj5BpnzTc
2389,https://www.youtube.com/watch?v=Vem3ShBzwFs
2390,https://www.youtube.com/watch?v=6_rdWgMnXy8
2391,https://www.youtube.com/watch?v=fWWZ5rlNMQo
2392,https://www.youtube.com/watch?v=TGOzUex_t70
2393,https://www.youtube.com/watch?v=3jeLt-JJGnY
2394,https://www.youtube.com/watch?v=2komqTProEM
2395,https://www.youtube.com/watch?v=ae-XUALRXqI
2396,https://www.youtube.com/watch?v=m0KuI-D5ddg
2397,https://www.youtube.com/watch?v=1QgucBAxFJ4
2398,https://www.youtube.com/watch?v=UtQB4O1m1lw
2399,https://www.youtube.com/watch?v=End73oSfSfc
2400,https://www.youtube.com/watch?v=myOvIFxHDbw
2401,https://www.youtube.com/watch?v=kRQBZw-sTSo
2402,https://www.youtube.com/watch?v=PcjJek8VpT0
2403,https://www.youtube.com/watch?v=jW6l5QVAEf8
2404,https://www.youtube.com/watch?v=S5DdL9AWLo0
2405,https://www.youtube.com/watch?v=Xa5CPFCKSig
2406,https://www.youtube.com/watch?v=tUQTrmBUX0w
2407,https://www.youtube.com/watch?v=Dm_2wfHwgQk
2408,https://www.youtube.com/watch?v=xEXac0pOw5s
2409,https://www.youtube.com/watch?v=GFVg_s1YPl8
2410,https://www.youtube.com/watch?v=kK1yXZkjrxM
2411,https://www.youtube.com/watch?v=bxRX8y7v46U
2412,https://www.youtube.com/watch?v=cIjF8A1eWEU
2413,https://www.youtube.com/watch?v=q-ID6T_o1yU
2414,https://www.youtube.com/watch?v=LfoBx3ectcU
2415,https://www.youtube.com/watch?v=KpI8t0KU-pQ
2416,https://www.youtube.com/watch?v=7lndBK6yRFM
2417,https://www.youtube.com/watch?v=URa2IyxcGrg
2418,https://www.youtube.com/watch?v=y8OHWoA7Pz4
2419,https://www.youtube.com/watch?v=41J8e0AdTWI
2420,https://www.youtube.com/watch?v=IBOyaUmfAJ0
2421,https://www.youtube.com/watch?v=JD8Vl6PRffU
2422,https://www.youtube.com/watch?v=Q5crmFgYeIc
2423,https://www.youtube.com/watch?v=59ZPLs2Vz6c
2424,https://www.youtube.com/watch?v=qOTNZKFYJWc
2425,https://www.youtube.com/watch?v=sz93ZbW7G38
2426,https://www.youtube.com/watch?v=P6nAwTJazbc
2427,https://www.youtube.com/watch?v=z7JI8loHfcU
2428,https://www.youtube.com/watch?v=muEFUDNlKwQ
2429,https://www.youtube.com/watch?v=wtkMWYbuXhs
2430,https://www.youtube.com/watch?v=hlqju9ajPic
2431,https://www.youtube.com/watch?v=j5uUZnh9IBQ
2432,https://www.youtube.com/watch?v=nNZ2--NCPHE
2433,https://www.youtube.com/watch?v=scMtQ57xK14
2434,https://www.youtube.com/watch?v=WR9CuX7LcRU
2435,https://www.youtube.com/watch?v=4UonrKh-Uus
2436,https://www.youtube.com/watch?v=TujzsOvpAzA
2437,https://www.youtube.com/watch?v=x_yl6BkWTus
2438,https://www.youtube.com/watch?v=EY5Q5_iyZX4
2439,https://www.youtube.com/watch?v=ULZl0Hbc8EE
2440,https://www.youtube.com/watch?v=hPD9vQrXLoU
2441,https://www.youtube.com/watch?v=OwFnWsURIdA
2442,https://www.youtube.com/watch?v=EtNNOnV2E-o
2443,https://www.youtube.com/watch?v=_AulWos_YYs
2444,https://www.youtube.com/watch?v=wEBBwYIkIZY
2445,https://www.youtube.com/watch?v=t0MN9xcptr4
2446,https://www.youtube.com/watch?v=wnVSjmRlghw
2447,https://www.youtube.com/watch?v=1Mq3YmW-OFM
2448,https://www.youtube.com/watch?v=kX__pC1ZcpU
2449,https://www.youtube.com/watch?v=K3SZC5BlR30
2450,https://www.youtube.com/watch?v=dSPKk-PQDNM
2451,https://www.youtube.com/watch?v=0hikgRcsExo
2452,https://www.youtube.com/watch?v=jJ87oUMPlQQ
2453,https://www.youtube.com/watch?v=JGnVDBooT6E
2454,https://www.youtube.com/watch?v=kmGrg8nzATA
2455,https://www.youtube.com/watch?v=x87XcLpVv14
2456,https://www.youtube.com/watch?v=Oz3FJVBNFNE
2457,https://www.youtube.com/watch?v=js3TOo4kbjY
2458,https://www.youtube.com/watch?v=T01UPd-OfKY
2459,https://www.youtube.com/watch?v=WNZenx0KO_4
2460,https://www.youtube.com/watch?v=Ka7_0fuqgCg
2461,https://www.youtube.com/watch?v=APgOov5U9ao
2462,https://www.youtube.com/watch?v=g1FF4rxY2R8
2463,https://www.youtube.com/watch?v=6aNh-8tiiV8
2464,https://www.youtube.com/watch?v=3jZPp0TLuFA
2465,https://www.youtube.com/watch?v=oIjZ5aPvwVA
2466,https://www.youtube.com/watch?v=n8eHPbK_DEQ
2467,https://www.youtube.com/watch?v=OKC503RWDo8
2468,https://www.youtube.com/watch?v=wg1oqTwcHW8
2469,https://www.youtube.com/watch?v=vpy-xb3Ni1I
2470,https://www.youtube.com/watch?v=CeA-G_ksK4E
2471,https://www.youtube.com/watch?v=o8iaosMEMH4
2472,https://www.youtube.com/watch?v=HXgMSxM-wMg
2473,https://www.youtube.com/watch?v=-uSZiTV9lsU
2474,https://www.youtube.com/watch?v=1O6X_o5bnu0
2475,https://www.youtube.com/watch?v=dtSBmAqJQQ8
2476,https://www.youtube.com/watch?v=JxXxQslkAgw
2477,https://www.youtube.com/watch?v=KC7cqtKHYic
2478,https://www.youtube.com/watch?v=LkkDHWh50og
2479,https://www.youtube.com/watch?v=bffnVl70gWQ
2480,https://www.youtube.com/watch?v=Ttoj1O9hvqo
2481,https://www.youtube.com/watch?v=U5oukDAVeU0
2482,https://www.youtube.com/watch?v=6PA9VqfXtj8
2483,https://www.youtube.com/watch?v=Dpmv6ujauxY
2484,https://www.youtube.com/watch?v=gSkkeAz1hZw
2485,https://www.youtube.com/watch?v=NC4PodV1YhM
2486,https://www.youtube.com/watch?v=boXN83dFgDU
2487,https://www.youtube.com/watch?v=6vTdL59cef4
2488,https://www.youtube.com/watch?v=g5NjuaTIZjg
2489,https://www.youtube.com/watch?v=h84Jg6Ss3Tc
2490,https://www.youtube.com/watch?v=Tgn1l0KIEMY
2491,https://www.youtube.com/watch?v=QH0aoaC2wMc
2492,https://www.youtube.com/watch?v=z68HwrwRR9I
2493,https://www.youtube.com/watch?v=BNpVHFjja34
2494,https://www.youtube.com/watch?v=SxKcp5QW3m0
2495,https://www.youtube.com/watch?v=Usyt5GeQkP8
2496,https://www.youtube.com/watch?v=ABmtZOiVUoU
2497,https://www.youtube.com/watch?v=bJ2ilI5TjUE
2498,https://www.youtube.com/watch?v=6dwDzFFYJI4
2499,https://www.youtube.com/watch?v=W9S3ZDEkrJw
2500,https://www.youtube.com/watch?v=yhw1fus046Y
2501,https://www.youtube.com/watch?v=65o158u4Qh0
2502,https://www.youtube.com/watch?v=1vDX043QOGw
2503,https://www.youtube.com/watch?v=ebcCjhniL9Y
2504,https://www.youtube.com/watch?v=DywW88uEpNc
2505,https://www.youtube.com/watch?v=BITLWHMfZgg
2506,https://www.youtube.com/watch?v=MCWQGDIlvGw
2507,https://www.youtube.com/watch?v=IW6fxzqUdJc
2508,https://www.youtube.com/watch?v=pOL6HXsNK_0
2509,https://www.youtube.com/watch?v=REwgvkhekTM
2510,https://www.youtube.com/watch?v=lEoMFCHNkKg
2511,https://www.youtube.com/watch?v=xh7Isgeyowo
2512,https://www.youtube.com/watch?v=G11XFMyFGjo
2513,https://www.youtube.com/watch?v=xiLaRJTgejc
2514,https://www.youtube.com/watch?v=VvTlR79JILo
2515,https://www.youtube.com/watch?v=6oPpil87ivI
2516,https://www.youtube.com/watch?v=e71hxSgaqZg
2517,https://www.youtube.com/watch?v=Q0eIRI_z37c
2518,https://www.youtube.com/watch?v=N_sNTnKH4Us
2519,https://www.youtube.com/watch?v=80pHdERQMUk
2520,https://www.youtube.com/watch?v=1kGkOZB67kc
2521,https://www.youtube.com/watch?v=Qc-4RYnYIjE
2522,https://www.youtube.com/watch?v=9zI4PxrNdRM
2523,https://www.youtube.com/watch?v=dKZhr24Fl5M
2524,https://www.youtube.com/watch?v=sp70oIInhms
2525,https://www.youtube.com/watch?v=J52_UYRgL18
2526,https://www.youtube.com/watch?v=z5Q_nsRayfE
2527,https://www.youtube.com/watch?v=haGmr7Z5i-Q
2528,https://www.youtube.com/watch?v=77otB2frmRI
2529,https://www.youtube.com/watch?v=rd2N5KcJLik
2530,https://www.youtube.com/watch?v=g5V4YGS7A0s
2531,https://www.youtube.com/watch?v=gUl5WTEE31Q
2532,https://www.youtube.com/watch?v=skNP97kz_mw
2533,https://www.youtube.com/watch?v=Qr3BTehRLGc
2534,https://www.youtube.com/watch?v=vR6qBS6W6iY
2535,https://www.youtube.com/watch?v=Sp_uY9PocCI
2536,https://www.youtube.com/watch?v=EPfuhErjcz0
2537,https://www.youtube.com/watch?v=HXsJ-k508Kk
2538,https://www.youtube.com/watch?v=gTbBvFhsvWs
2539,https://www.youtube.com/watch?v=pMOpnxgv7uo
2540,https://www.youtube.com/watch?v=gDXPOM_sw4c
2541,https://www.youtube.com/watch?v=2XNf5gns0AM
2542,https://www.youtube.com/watch?v=rco9YYkVk68
2543,https://www.youtube.com/watch?v=Vs2eRB81ts8
2544,https://www.youtube.com/watch?v=4kh1ifxE_K8
2545,https://www.youtube.com/watch?v=gdYNJE84xsg
2546,https://www.youtube.com/watch?v=anXQns0uv1k
2547,https://www.youtube.com/watch?v=x0JbXWxYdqA
2548,https://www.youtube.com/watch?v=LHuBrFrLgrs
2549,https://www.youtube.com/watch?v=rgrpVc9xCm0
2550,https://www.youtube.com/watch?v=XS3H7kf6td0
2551,https://www.youtube.com/watch?v=ZFnmvLjbe2Q
2552,https://www.youtube.com/watch?v=R7IRYkB4LXA
2553,https://www.youtube.com/watch?v=JZTXGkB4MZs
2554,https://www.youtube.com/watch?v=4HYbExiYs2w
2555,https://www.youtube.com/watch?v=J-kQZKuz_F0
2556,https://www.youtube.com/watch?v=Ahyv3NNuvDM
2557,https://www.youtube.com/watch?v=8FaCZojkCOM
2558,https://www.youtube.com/watch?v=tO_7s-nbs_Y
2559,https://www.youtube.com/watch?v=wcOlQxgikCo
2560,https://www.youtube.com/watch?v=SvPsUUmXgao
2561,https://www.youtube.com/watch?v=oW2zR_EsVhc
2562,https://www.youtube.com/watch?v=aynKNLnyhY8
2563,https://www.youtube.com/watch?v=b5GyDbcw-OM
2564,https://www.youtube.com/watch?v=Iwb9Ylwm_PQ
2565,https://www.youtube.com/watch?v=wlCpLWoM7IY
2566,https://www.youtube.com/watch?v=R0kVRbM_tz8
2567,https://www.youtube.com/watch?v=V54OweNybQE
2568,https://www.youtube.com/watch?v=vJ5BXJKDWDY
2569,https://www.youtube.com/watch?v=qKIHMKYKnE4
2570,https://www.youtube.com/watch?v=SZ4GwwRsIoI
2571,https://www.youtube.com/watch?v=NmI5Ay46IS0
2572,https://www.youtube.com/watch?v=22VGENfIAUM
2573,https://www.youtube.com/watch?v=MCfLgN5fFrY
2574,https://www.youtube.com/watch?v=LLTkii-LZsY
2575,https://www.youtube.com/watch?v=VdawdL9feBo
2576,https://www.youtube.com/watch?v=r4KmdIEiE68
2577,https://www.youtube.com/watch?v=vSEaCfW9EQ8
2578,https://www.youtube.com/watch?v=xS6O7-KbY5w
2579,https://www.youtube.com/watch?v=r4afXOJ1OxM
2580,https://www.youtube.com/watch?v=uwfdKUQfSiM
2581,https://www.youtube.com/watch?v=frzHN2agqh4
2582,https://www.youtube.com/watch?v=TMTD9jFAnzM
2583,https://www.youtube.com/watch?v=e-pq3ZFdFG0
2584,https://www.youtube.com/watch?v=UUJM-9o2qPY
2585,https://www.youtube.com/watch?v=L1XhTr6uTug
2586,https://www.youtube.com/watch?v=etOsoA-DBTc
2587,https://www.youtube.com/watch?v=zZ4WSBC4V8s
2588,https://www.youtube.com/watch?v=KdOWylG4eUo
2589,https://www.youtube.com/watch?v=bI1ueljm_Ns
2590,https://www.youtube.com/watch?v=-YlEthnTul4
2591,https://www.youtube.com/watch?v=34Vha-gIGEU
2592,https://www.youtube.com/watch?v=UVhe1Xa1W6Y
2593,https://www.youtube.com/watch?v=0B_WxUMnmKc
2594,https://www.youtube.com/watch?v=sKvUiSqebGI
2595,https://www.youtube.com/watch?v=VBT9kEpzmek
2596,https://www.youtube.com/watch?v=cEJN0hravD0
2597,https://www.youtube.com/watch?v=3pU2bNFrjBo
2598,https://www.youtube.com/watch?v=jlI5J8MoQTI
2599,https://www.youtube.com/watch?v=d-RmXX7yh5s
2600,https://www.youtube.com/watch?v=wYOD1pr4QN8
2601,https://www.youtube.com/watch?v=0vz2Ffo7ePQ
2602,https://www.youtube.com/watch?v=RiNU922w28o
2603,https://www.youtube.com/watch?v=Jge0eVHdRu8
2604,https://www.youtube.com/watch?v=d5xPTzrOnIA
2605,https://www.youtube.com/watch?v=axNxBr1LBhM
2606,https://www.youtube.com/watch?v=h6D49OrwE5w
2607,https://www.youtube.com/watch?v=tPi35o1QckU
2608,https://www.youtube.com/watch?v=JhPoutoIyjk
2609,https://www.youtube.com/watch?v=XK9KcLErB7Y
2610,https://www.youtube.com/watch?v=8ZPbloP-Iks
2611,https://www.youtube.com/watch?v=Nqoub-9ZX9o
2612,https://www.youtube.com/watch?v=BSqFevger9E
2613,https://www.youtube.com/watch?v=RbOyWwN8Caw
2614,https://www.youtube.com/watch?v=ih6on4NxOak
2615,https://www.youtube.com/watch?v=GTDIfZl6W-Y
2616,https://www.youtube.com/watch?v=VlHfY9FL5sY
2617,https://www.youtube.com/watch?v=MEzi7cCairw
2618,https://www.youtube.com/watch?v=swcl83clPs0
2619,https://www.youtube.com/watch?v=ngcuTA5K1Os
2620,https://www.youtube.com/watch?v=7MuuY8CQXCo
2621,https://www.youtube.com/watch?v=WnfB0es2WuE
2622,https://www.youtube.com/watch?v=MOzLBqAclYA
2623,https://www.youtube.com/watch?v=wvbic1z5jj0
2624,https://www.youtube.com/watch?v=0pEwSe9CBH0
2625,https://www.youtube.com/watch?v=yyN4-jsHz-c
2626,https://www.youtube.com/watch?v=nAj-C4pLBhk
2627,https://www.youtube.com/watch?v=vwW370Wa0vU
2628,https://www.youtube.com/watch?v=yo5Zyb0rdcE
2629,https://www.youtube.com/watch?v=WhHqRTgtidk
2630,https://www.youtube.com/watch?v=0m8R1ZryukI
2631,https://www.youtube.com/watch?v=Tv3phPxEwbU
2632,https://www.youtube.com/watch?v=o8Bh5J9RBlU
2633,https://www.youtube.com/watch?v=AQP78TwUKJA
2634,https://www.youtube.com/watch?v=p7MaOrx5xsA
2635,https://www.youtube.com/watch?v=PRsjHa0DhvU
2636,https://www.youtube.com/watch?v=vmq8KLIdm-0
2637,https://www.youtube.com/watch?v=40cuBDGOyX8
2638,https://www.youtube.com/watch?v=1lgmqUmpCwU
2639,https://www.youtube.com/watch?v=Ea8Scov726A
2640,https://www.youtube.com/watch?v=Xwpby2zZxkw
2641,https://www.youtube.com/watch?v=9taIkNKMt88
2642,https://www.youtube.com/watch?v=RQNSht4hNrA
2643,https://www.youtube.com/watch?v=YNbZhiy_nBs
2644,https://www.youtube.com/watch?v=Un6rYD_gNEc
2645,https://www.youtube.com/watch?v=Ro_rhrg4KKY
2646,https://www.youtube.com/watch?v=FchJ6TvxrZs
2647,https://www.youtube.com/watch?v=NnH98RAZ5ag
2648,https://www.youtube.com/watch?v=-QvW6NTtZvk
2649,https://www.youtube.com/watch?v=j0CCpbAovy8
2650,https://www.youtube.com/watch?v=lrXuCF92q-0
2651,https://www.youtube.com/watch?v=5PEDaEmb8oA
2652,https://www.youtube.com/watch?v=X9V3yfnWNJY
2653,https://www.youtube.com/watch?v=aCblpGJDXjc
2654,https://www.youtube.com/watch?v=FW9ziRm_aAw
2655,https://www.youtube.com/watch?v=1og9JKJLR40
2656,https://www.youtube.com/watch?v=37AwAu19N_Q
2657,https://www.youtube.com/watch?v=LWNcvi7J0po
2658,https://www.youtube.com/watch?v=7I37DDI3UeQ
2659,https://www.youtube.com/watch?v=LxZlRq30-sU
2660,https://www.youtube.com/watch?v=emz7MeFm6gE
2661,https://www.youtube.com/watch?v=ffuM6fxNqiU
2662,https://www.youtube.com/watch?v=T3nLiGdpaoY
2663,https://www.youtube.com/watch?v=UJt4gi9Lunw
2664,https://www.youtube.com/watch?v=-ZlZSeY5bOw
2665,https://www.youtube.com/watch?v=y6ZoL9D9E_s
2666,https://www.youtube.com/watch?v=xpbKcfJbcyQ
2667,https://www.youtube.com/watch?v=bF3MqMEuXsY
2668,https://www.youtube.com/watch?v=ODxOwe35mP4
2669,https://www.youtube.com/watch?v=-ajeuGLzvW4
2670,https://www.youtube.com/watch?v=fhtuKXV-4Lg
2671,https://www.youtube.com/watch?v=PxKi4HqO3mU
2672,https://www.youtube.com/watch?v=nsUhnrfiPu0
2673,https://www.youtube.com/watch?v=ekLIDa3G0JA
2674,https://www.youtube.com/watch?v=j2XIkhQLoj0
2675,https://www.youtube.com/watch?v=ReoKSSZSNF4
2676,https://www.youtube.com/watch?v=orxdX-WqDAk
2677,https://www.youtube.com/watch?v=0-iTwahEcOM
2678,https://www.youtube.com/watch?v=MFB-0AqjTh0
2679,https://www.youtube.com/watch?v=2-CXVXjZlkk
2680,https://www.youtube.com/watch?v=2NILXV7ZGMM
2681,https://www.youtube.com/watch?v=sjn2i_AAjSE
2682,https://www.youtube.com/watch?v=RVGDmUJMCh4
2683,https://www.youtube.com/watch?v=zAe17Gw4ZL4
2684,https://www.youtube.com/watch?v=fzEaN05C_g0
2685,https://www.youtube.com/watch?v=xia382hjQfg
2686,https://www.youtube.com/watch?v=Y3-5v5YruvI
2687,https://www.youtube.com/watch?v=o9QhEdR6zCc
2688,https://www.youtube.com/watch?v=SmecUsYRMAE
2689,https://www.youtube.com/watch?v=x5gjuCSIfQI
2690,https://www.youtube.com/watch?v=2GX53uPmWYY
2691,https://www.youtube.com/watch?v=ZhZWqWFWmLw
2692,https://www.youtube.com/watch?v=sha7EtB8UWU
2693,https://www.youtube.com/watch?v=Mgcq1PNVb34
2694,https://www.youtube.com/watch?v=6jvQZrrFa0U
2695,https://www.youtube.com/watch?v=0EJzcwCZtn8
2696,https://www.youtube.com/watch?v=A5ps6br8IeY
2697,https://www.youtube.com/watch?v=Y8UWhtsyp_A
2698,https://www.youtube.com/watch?v=AuSTJerzaQM
2699,https://www.youtube.com/watch?v=HuPoqoK8kKs
2700,https://www.youtube.com/watch?v=TK9FnwseRW8
2701,https://www.youtube.com/watch?v=AE6L8cOhb1A
2702,https://www.youtube.com/watch?v=Nux8iab5ZWA
2703,https://www.youtube.com/watch?v=pdp6hME8MxI
2704,https://www.youtube.com/watch?v=SFNqxRJxjbQ
2705,https://www.youtube.com/watch?v=rma23uUTvs4
2706,https://www.youtube.com/watch?v=TUdCBnNn5dw
2707,https://www.youtube.com/watch?v=C7sv3dCSBxs
2708,https://www.youtube.com/watch?v=571HkrosgRg
2709,https://www.youtube.com/watch?v=T99FOsIOroc
2710,https://www.youtube.com/watch?v=4w3Ikh1oZ3k
2711,https://www.youtube.com/watch?v=jjmRaSrEmOc
2712,https://www.youtube.com/watch?v=I75oKJQu-24
2713,https://www.youtube.com/watch?v=nzv0sIIpctc
2714,https://www.youtube.com/watch?v=We9O0GPW93Y
2715,https://www.youtube.com/watch?v=yJmVkRUq55E
2716,https://www.youtube.com/watch?v=9ogb_rUvbpE
2717,https://www.youtube.com/watch?v=uuChLRs71mQ
2718,https://www.youtube.com/watch?v=qzYYQSxp5zw
2719,https://www.youtube.com/watch?v=3ZElXnOnbbo
2720,https://www.youtube.com/watch?v=XkEXhwPiLhE
2721,https://www.youtube.com/watch?v=lhxBAp60geo
2722,https://www.youtube.com/watch?v=SD6zrc6h0xg
2723,https://www.youtube.com/watch?v=1VW0sasrKzI
2724,https://www.youtube.com/watch?v=tP_kZhIBT3A
2725,https://www.youtube.com/watch?v=s4Um7sZiOfk
2726,https://www.youtube.com/watch?v=BVDp2VBqWT0
2727,https://www.youtube.com/watch?v=GfV76rdurhM
2728,https://www.youtube.com/watch?v=9py0r06nhaE
2729,https://www.youtube.com/watch?v=A24mUQIltow
2730,https://www.youtube.com/watch?v=g6hx08-ijiQ
2731,https://www.youtube.com/watch?v=_FixpsA6Gi0
2732,https://www.youtube.com/watch?v=fTuYGSRIxYw
2733,https://www.youtube.com/watch?v=ElcXbG8fO98
2734,https://www.youtube.com/watch?v=8iLLSULh08Y
2735,https://www.youtube.com/watch?v=6ohDX5Srus8
2736,https://www.youtube.com/watch?v=D40K0Jx2fQo
2737,https://www.youtube.com/watch?v=sykGwB-nXAY
2738,https://www.youtube.com/watch?v=oo8sUkPRht0
2739,https://www.youtube.com/watch?v=2QG5shRBzIY
2740,https://www.youtube.com/watch?v=V6Pl5T2Mr_Y
2741,https://www.youtube.com/watch?v=hlbJgfNQTxU
2742,https://www.youtube.com/watch?v=kBsH95jEjNo
2743,https://www.youtube.com/watch?v=e7LlIGukCJc
2744,https://www.youtube.com/watch?v=w7C61iaZISM
2745,https://www.youtube.com/watch?v=BCkvwInPtIs
2746,https://www.youtube.com/watch?v=PzBA-hDLB9Y
2747,https://www.youtube.com/watch?v=7gDbCocfE74
2748,https://www.youtube.com/watch?v=ttt9219N474
2749,https://www.youtube.com/watch?v=lAllmcG28pg
2750,https://www.youtube.com/watch?v=KsAhvI7J4EM
2751,https://www.youtube.com/watch?v=yvIz57KAVO8
2752,https://www.youtube.com/watch?v=W4--rKkdo0k
2753,https://www.youtube.com/watch?v=-rM1g3TV10k
2754,https://www.youtube.com/watch?v=qHTD6qZi_c4
2755,https://www.youtube.com/watch?v=dkqOi237TFk
2756,https://www.youtube.com/watch?v=gcPWoxX7zR0
2757,https://www.youtube.com/watch?v=XgMIsb1o22A
2758,https://www.youtube.com/watch?v=kdULk0vDgT0
2759,https://www.youtube.com/watch?v=9eMDa4ubb7Q
2760,https://www.youtube.com/watch?v=7i5lWfqtKSs
2761,https://www.youtube.com/watch?v=lQsmtIKP-QY
2762,https://www.youtube.com/watch?v=VNfpPy4TbBQ
2763,https://www.youtube.com/watch?v=H6sxe1SnKj8
2764,https://www.youtube.com/watch?v=n35STJDeTr8
2765,https://www.youtube.com/watch?v=IZY5eUiAT7Q
2766,https://www.youtube.com/watch?v=_dIF_9tsOfA
2767,https://www.youtube.com/watch?v=k3zkfYOLp0A
2768,https://www.youtube.com/watch?v=QNzp-Me5AFY
2769,https://www.youtube.com/watch?v=l9Dap-X9es0
2770,https://www.youtube.com/watch?v=s-jjRbO9LvE
2771,https://www.youtube.com/watch?v=YiDJGyBLMeY
2772,https://www.youtube.com/watch?v=YQICfK2OXWM
2773,https://www.youtube.com/watch?v=IdK8e1ft4xo
2774,https://www.youtube.com/watch?v=r-6AVlfs1VI
2775,https://www.youtube.com/watch?v=sjbg38GqKyw
2776,https://www.youtube.com/watch?v=KV94m6KvwAw
2777,https://www.youtube.com/watch?v=Nh7szG2uHqk
2778,https://www.youtube.com/watch?v=CnyUMwBJOAU
2779,https://www.youtube.com/watch?v=e7xQX1ON0q0
2780,https://www.youtube.com/watch?v=L9uQVycwbk8
2781,https://www.youtube.com/watch?v=uw5LnYf0igg
2782,https://www.youtube.com/watch?v=69vk55Fn_n0
2783,https://www.youtube.com/watch?v=6Usq0AB1eTI
2784,https://www.youtube.com/watch?v=B5cEX5UXkYs
2785,https://www.youtube.com/watch?v=dMwPuvect1c
2786,https://www.youtube.com/watch?v=6vujewhoX5g
2787,https://www.youtube.com/watch?v=F9O-lVVCvFs
2788,https://www.youtube.com/watch?v=CSI2Vkai3xU
2789,https://www.youtube.com/watch?v=o8tjNDf0FvU
2790,https://www.youtube.com/watch?v=RaojadwRaTc
2791,https://www.youtube.com/watch?v=6Qp_8wgfj7Q
2792,https://www.youtube.com/watch?v=aaBGaU2oAS8
2793,https://www.youtube.com/watch?v=3BzrfZc4rHg
2794,https://www.youtube.com/watch?v=R1bJgJ8NCKE
2795,https://www.youtube.com/watch?v=_0fMJ96AcZY
2796,https://www.youtube.com/watch?v=4ntjOM1HaSE
2797,https://www.youtube.com/watch?v=GoSb-7vpi-c
2798,https://www.youtube.com/watch?v=PuktCv_-IKA
2799,https://www.youtube.com/watch?v=2wKX4IKESVw
2800,https://www.youtube.com/watch?v=9YuA4-Cm58E
2801,https://www.youtube.com/watch?v=MwJ_fXGe194
2802,https://www.youtube.com/watch?v=LHzSUwQ3eLo
2803,https://www.youtube.com/watch?v=Y6oOYhbH_8s
2804,https://www.youtube.com/watch?v=dm_q4Xg31aY
2805,https://www.youtube.com/watch?v=k5O6JbGKJpo
2806,https://www.youtube.com/watch?v=As_iqzyayDo
2807,https://www.youtube.com/watch?v=c1NhZnTJ9r4
2808,https://www.youtube.com/watch?v=pLMeb7XZ1hw
2809,https://www.youtube.com/watch?v=2CgLBbVgqGI
2810,https://www.youtube.com/watch?v=2sQfkP2Sg5o
2811,https://www.youtube.com/watch?v=jqj64IAi_NI
2812,https://www.youtube.com/watch?v=rcsY0CHaNbM
2813,https://www.youtube.com/watch?v=4bCX7nq17wY
2814,https://www.youtube.com/watch?v=S7KP-vqw72Q
2815,https://www.youtube.com/watch?v=fEFADoUH2TA
2816,https://www.youtube.com/watch?v=Z7ZzJAqWpe4
2817,https://www.youtube.com/watch?v=PNW1FZtI21U
2818,https://www.youtube.com/watch?v=oHg18nF9zmI
2819,https://www.youtube.com/watch?v=VQs-2uVyXuU
2820,https://www.youtube.com/watch?v=1Y6S3t2Sa4g
2821,https://www.youtube.com/watch?v=zZnXok-SG94
2822,https://www.youtube.com/watch?v=FE7778027YM
2823,https://www.youtube.com/watch?v=v6ionNGeTmI
2824,https://www.youtube.com/watch?v=bYzz7AqIv10
2825,https://www.youtube.com/watch?v=0ZCyRJmni4M
2826,https://www.youtube.com/watch?v=5AZx8Gmekmw
2827,https://www.youtube.com/watch?v=sRb3nNiEJ_8
2828,https://www.youtube.com/watch?v=Pb6rD2PudFQ
2829,https://www.youtube.com/watch?v=aEW4ttN_Ph4
2830,https://www.youtube.com/watch?v=lql4DI2q3Q0
2831,https://www.youtube.com/watch?v=eby4ZyXF718
2832,https://www.youtube.com/watch?v=P514peXICIc
2833,https://www.youtube.com/watch?v=ag-uHU8W9Dg
2834,https://www.youtube.com/watch?v=vHn6ZeeoKaw
2835,https://www.youtube.com/watch?v=g6jMm7noX-0
2836,https://www.youtube.com/watch?v=F4sSB7Q3Dv4
2837,https://www.youtube.com/watch?v=qDNC9y9NUlA
2838,https://www.youtube.com/watch?v=63FBw0vu73Y
2839,https://www.youtube.com/watch?v=I9ZUiEpTaRk
2840,https://www.youtube.com/watch?v=TZo7czJqflo
2841,https://www.youtube.com/watch?v=fEp_TqjSzW4
2842,https://www.youtube.com/watch?v=O-uaiNBNfOg
2843,https://www.youtube.com/watch?v=fTCQQ3ZL57k
2844,https://www.youtube.com/watch?v=sEC6lqbaUAM
2845,https://www.youtube.com/watch?v=aHo2JMIeFo8
2846,https://www.youtube.com/watch?v=c1-bIMfVVOQ
2847,https://www.youtube.com/watch?v=uvPvIPWnDn8
2848,https://www.youtube.com/watch?v=7IoIyCLbLyY
2849,https://www.youtube.com/watch?v=zWR805vusLY
2850,https://www.youtube.com/watch?v=m0K_tD9W9j8
2851,https://www.youtube.com/watch?v=WlSb2Z8MbRM
2852,https://www.youtube.com/watch?v=CC-FKPeJmRY
2853,https://www.youtube.com/watch?v=a51yXBoN_-4
2854,https://www.youtube.com/watch?v=1A7VVABGOPU
2855,https://www.youtube.com/watch?v=PubhbjGH8o0
2856,https://www.youtube.com/watch?v=0lrv37Pn-qU
2857,https://www.youtube.com/watch?v=s_UjaGeV4L8
2858,https://www.youtube.com/watch?v=jbXAB0ZaDrU
2859,https://www.youtube.com/watch?v=FUlU9kUsvew
2860,https://www.youtube.com/watch?v=yN91Zrkax0k
2861,https://www.youtube.com/watch?v=HKlj86TsN4c
2862,https://www.youtube.com/watch?v=HGzw8rgGxak
2863,https://www.youtube.com/watch?v=5UlXC70x95g
2864,https://www.youtube.com/watch?v=UAv8j8lxFhE
2865,https://www.youtube.com/watch?v=z1EFR4hau4s
2866,https://www.youtube.com/watch?v=W7gxL8-MWSc
2867,https://www.youtube.com/watch?v=mfBtGF13bGw
2868,https://www.youtube.com/watch?v=PhNPp4R7LBg
2869,https://www.youtube.com/watch?v=Cxyrptsdoqk
2870,https://www.youtube.com/watch?v=zgnSRa8KMXU
2871,https://www.youtube.com/watch?v=xEVl4EWK1KM
2872,https://www.youtube.com/watch?v=b1eBvg4VO8E
2873,https://www.youtube.com/watch?v=6cSBbCXtOU0
2874,https://www.youtube.com/watch?v=860FMsb-SbI
2875,https://www.youtube.com/watch?v=nGmZF7d8o3I
2876,https://www.youtube.com/watch?v=kyrpFaLghOM
2877,https://www.youtube.com/watch?v=gXG7SIRqOa4
2878,https://www.youtube.com/watch?v=QxJTbosnnrM
2879,https://www.youtube.com/watch?v=6aPCYKkzbDs
2880,https://www.youtube.com/watch?v=oN36ukBgL4M
2881,https://www.youtube.com/watch?v=fYjh0lovE48
2882,https://www.youtube.com/watch?v=3GaIoLaM-LA
2883,https://www.youtube.com/watch?v=FMwOuCTE4BU
2884,https://www.youtube.com/watch?v=fjtGzmuyMJs
2885,https://www.youtube.com/watch?v=EchvcvysUwo
2886,https://www.youtube.com/watch?v=O602v_QS3k4
2887,https://www.youtube.com/watch?v=VTFdOH3Cwds
2888,https://www.youtube.com/watch?v=sFDhipCoDw4
2889,https://www.youtube.com/watch?v=14o8MfB3IVw
2890,https://www.youtube.com/watch?v=Sa09rWJzIFs
2891,https://www.youtube.com/watch?v=FjZfxEcXLUY
2892,https://www.youtube.com/watch?v=1x848T_9HF4
2893,https://www.youtube.com/watch?v=Gn9VV2R1RNE
2894,https://www.youtube.com/watch?v=Hl_kFz9UfqU
2895,https://www.youtube.com/watch?v=s-b9_wEuX0c
2896,https://www.youtube.com/watch?v=QzWW8mgLjZM
2897,https://www.youtube.com/watch?v=SWC9knc9Huc
2898,https://www.youtube.com/watch?v=z4Q71v0TPpM
2899,https://www.youtube.com/watch?v=0nEUlRzj4Ck
2900,https://www.youtube.com/watch?v=sMP_jtwZVXU
2901,https://www.youtube.com/watch?v=F00eMepUC_Q
2902,https://www.youtube.com/watch?v=W_b8WdQry6g
2903,https://www.youtube.com/watch?v=mGDVCqAHGq4
2904,https://www.youtube.com/watch?v=pbEQCSk219M
2905,https://www.youtube.com/watch?v=T508xH0n8CA
2906,https://www.youtube.com/watch?v=MAECAmx8Ucg
2907,https://www.youtube.com/watch?v=ehcvOsxi-uA
2908,https://www.youtube.com/watch?v=J42ROHZRPeE
2909,https://www.youtube.com/watch?v=qzPB7rldOLs
2910,https://www.youtube.com/watch?v=4rzwex7wooo
2911,https://www.youtube.com/watch?v=skAcCnQK-_w
2912,https://www.youtube.com/watch?v=9nnV8DxU_Jw
2913,https://www.youtube.com/watch?v=okEaoj_u4zw
2914,https://www.youtube.com/watch?v=XgL-S2FdaZU
2915,https://www.youtube.com/watch?v=w_jaor3Pnek
2916,https://www.youtube.com/watch?v=tpAV2QSHyMY
2917,https://www.youtube.com/watch?v=ypQ8HzR-1rI
2918,https://www.youtube.com/watch?v=d2yJ2V0gtE4
2919,https://www.youtube.com/watch?v=tbCOqKpF6YQ
2920,https://www.youtube.com/watch?v=44UqVTiAZYw
2921,https://www.youtube.com/watch?v=9DQXs7aK7SE
2922,https://www.youtube.com/watch?v=L3qF_HjtJLg
2923,https://www.youtube.com/watch?v=pY1cOhCJynI
2924,https://www.youtube.com/watch?v=yD8qTMUeidA
2925,https://www.youtube.com/watch?v=Kbes0-PZIgc
2926,https://www.youtube.com/watch?v=EbsUDKrGG58
2927,https://www.youtube.com/watch?v=Gb_zTw9na0g
2928,https://www.youtube.com/watch?v=W5n5NhRo3Qw
2929,https://www.youtube.com/watch?v=3eCQajrB9TE
2930,https://www.youtube.com/watch?v=qclHEnL6-TI
2931,https://www.youtube.com/watch?v=jMcj38jRqq8
2932,https://www.youtube.com/watch?v=hyQhRujTDr8
2933,https://www.youtube.com/watch?v=cdUvt8Vr5TE
2934,https://www.youtube.com/watch?v=-JtAgUIZv4o
2935,https://www.youtube.com/watch?v=p-PSOkOmNGI
2936,https://www.youtube.com/watch?v=PCbjojMX2lw
2937,https://www.youtube.com/watch?v=R6YScUb8U_E
2938,https://www.youtube.com/watch?v=--Y_ZvGZ4hM
2939,https://www.youtube.com/watch?v=SmfQhTNAq5A
2940,https://www.youtube.com/watch?v=-RTIcgp1atY
2941,https://www.youtube.com/watch?v=1IfvkoyZwTA
2942,https://www.youtube.com/watch?v=SEuMH2IVULU
2943,https://www.youtube.com/watch?v=kb0ob1Ro5hM
2944,https://www.youtube.com/watch?v=_2Kx5Ixy8tg
2945,https://www.youtube.com/watch?v=XUK8p-F0It4
2946,https://www.youtube.com/watch?v=mfuGkwHAvrs
2947,https://www.youtube.com/watch?v=TKdCpgedf2I
2948,https://www.youtube.com/watch?v=cELx3zQ1ybU
2949,https://www.youtube.com/watch?v=iPyVyd-wiXA
2950,https://www.youtube.com/watch?v=pIlc7qPo1fo
2951,https://www.youtube.com/watch?v=XHWRABgRj5A
2952,https://www.youtube.com/watch?v=zXiQDJ2PpIQ
2953,https://www.youtube.com/watch?v=nov3aSW2XUo
2954,https://www.youtube.com/watch?v=Hiug5n6ZdO4
2955,https://www.youtube.com/watch?v=Z9HRzkiULgU
2956,https://www.youtube.com/watch?v=zXBFNt3dlsM
2957,https://www.youtube.com/watch?v=EY7tBmcql4A
2958,https://www.youtube.com/watch?v=D7Mb38cXiwI
2959,https://www.youtube.com/watch?v=6hQ77gFwg5E
2960,https://www.youtube.com/watch?v=K4pO-g-LESg
2961,https://www.youtube.com/watch?v=cJF7HBhCV9k
2962,https://www.youtube.com/watch?v=u0LtKQRNi7M
2963,https://www.youtube.com/watch?v=Jhm4yJn6pBo
2964,https://www.youtube.com/watch?v=TokNsX2rRts
2965,https://www.youtube.com/watch?v=HBadsHZk04k
2966,https://www.youtube.com/watch?v=8F0KRbN-ppY
2967,https://www.youtube.com/watch?v=-biIj5Fertc
2968,https://www.youtube.com/watch?v=CzxQbbQGXM0
2969,https://www.youtube.com/watch?v=yGh9WN7-Tr0
2970,https://www.youtube.com/watch?v=E_v2SffXB48
2971,https://www.youtube.com/watch?v=vXkahzlKNGU
2972,https://www.youtube.com/watch?v=V8fvwhKl4F0
2973,https://www.youtube.com/watch?v=FyBNUGwiFwk
2974,https://www.youtube.com/watch?v=WPZ786pOEFA
2975,https://www.youtube.com/watch?v=vzkhiyMl16g
2976,https://www.youtube.com/watch?v=DFkck53i8jM
2977,https://www.youtube.com/watch?v=ZG5Q-AAfXCg
2978,https://www.youtube.com/watch?v=erP1GXlWCAM
2979,https://www.youtube.com/watch?v=pB7rm_-W8rA
2980,https://www.youtube.com/watch?v=WDRC9LRYUeg
2981,https://www.youtube.com/watch?v=MbYtr6btyKc
2982,https://www.youtube.com/watch?v=if9HrwmtnFA
2983,https://www.youtube.com/watch?v=XyGEyKAwKic
2984,https://www.youtube.com/watch?v=nfFQZtT6A1U
2985,https://www.youtube.com/watch?v=iHnT0ylOLJ0
2986,https://www.youtube.com/watch?v=Bnka8sTASZc
2987,https://www.youtube.com/watch?v=7GfPpYosBrw
2988,https://www.youtube.com/watch?v=coOTeydfYNo
2989,https://www.youtube.com/watch?v=3GzL25KgFIk
2990,https://www.youtube.com/watch?v=OC5ub-OKQM4
2991,https://www.youtube.com/watch?v=Zk7fELnlSK0
2992,https://www.youtube.com/watch?v=pqdFczshBMw
2993,https://www.youtube.com/watch?v=28cYU3FfWxc
2994,https://www.youtube.com/watch?v=egkdr69DQu0
2995,https://www.youtube.com/watch?v=EVZXLNpk6pA
2996,https://www.youtube.com/watch?v=euc45lzxKgA
2997,https://www.youtube.com/watch?v=vEIahDA5C9w
2998,https://www.youtube.com/watch?v=6-lf_uZTiRM
2999,https://www.youtube.com/watch?v=xC4V_XYiH-Q
3000,https://www.youtube.com/watch?v=UIFT8xlmWZo
3001,https://www.youtube.com/watch?v=vNM_VVsL6ZI
3002,https://www.youtube.com/watch?v=yDFWFuL5Z9c
3003,https://www.youtube.com/watch?v=aWkzGrTSK4k
3004,https://www.youtube.com/watch?v=z9noYexSH5k
3005,https://www.youtube.com/watch?v=Y2agRY6jRoQ
3006,https://www.youtube.com/watch?v=77nSBbAqjGk
3007,https://www.youtube.com/watch?v=9-Iofz01UcA
3008,https://www.youtube.com/watch?v=yyjbehOAInk
3009,https://www.youtube.com/watch?v=IJ-Okq-VTns
3010,https://www.youtube.com/watch?v=-Teyr1K-VF0
3011,https://www.youtube.com/watch?v=zg7p1R0wNwA
3012,https://www.youtube.com/watch?v=IN0uuNb_2q4
3013,https://www.youtube.com/watch?v=FR9pQ1C4yx0
3014,https://www.youtube.com/watch?v=LFM_Mvd4LIg
3015,https://www.youtube.com/watch?v=2q5f6zvM4H4
3016,https://www.youtube.com/watch?v=Y2YAMKZWg_s
3017,https://www.youtube.com/watch?v=HlWtyx0o3-8
3018,https://www.youtube.com/watch?v=Az4gegvH5w0
3019,https://www.youtube.com/watch?v=mrYeSfgsl-g
3020,https://www.youtube.com/watch?v=NEdYr6dt6Lk
3021,https://www.youtube.com/watch?v=p-LygG5_Uhc
3022,https://www.youtube.com/watch?v=hXa9xGb73ho
3023,https://www.youtube.com/watch?v=AKtKAiCReUo
3024,https://www.youtube.com/watch?v=Bm3pf3pEoPc
3025,https://www.youtube.com/watch?v=BpFVFIOdZBY
3026,https://www.youtube.com/watch?v=CNSzkA7FOrg
3027,https://www.youtube.com/watch?v=5N5ek3lUEPk
3028,https://www.youtube.com/watch?v=Rfu5jhQ3KS8
3029,https://www.youtube.com/watch?v=jrs-UxpQHqw
3030,https://www.youtube.com/watch?v=cQvHKf4bk70
3031,https://www.youtube.com/watch?v=7MkcBYOexbM
3032,https://www.youtube.com/watch?v=e_EyzOzCJ4w
3033,https://www.youtube.com/watch?v=i7uuyd-8F48
3034,https://www.youtube.com/watch?v=Vl2UEVBbJtw
3035,https://www.youtube.com/watch?v=EJWtqtWaKv4
3036,https://www.youtube.com/watch?v=U58kIU5siZ8
3037,https://www.youtube.com/watch?v=QFPj_mCm2GA
3038,https://www.youtube.com/watch?v=AlF6dE3JT5U
3039,https://www.youtube.com/watch?v=n6z9cuW9esI
3040,https://www.youtube.com/watch?v=M1z-G3vGjyA
3041,https://www.youtube.com/watch?v=oKI8JzafpP8
3042,https://www.youtube.com/watch?v=Fe33Z8HWvlg
3043,https://www.youtube.com/watch?v=U8YcfV29HTU
3044,https://www.youtube.com/watch?v=3E_ssC1MNS0
3045,https://www.youtube.com/watch?v=fhHqjlfQ__c
3046,https://www.youtube.com/watch?v=cOuH7tbpark
3047,https://www.youtube.com/watch?v=Ti4R5h48HKM
3048,https://www.youtube.com/watch?v=QL8-c64ltik
3049,https://www.youtube.com/watch?v=NXzI83CBkgE
3050,https://www.youtube.com/watch?v=XGQPjQ2T7IU
3051,https://www.youtube.com/watch?v=t_GyHG0BN-E
3052,https://www.youtube.com/watch?v=qDheXuUnHvs
3053,https://www.youtube.com/watch?v=gWqV0mRI4As
3054,https://www.youtube.com/watch?v=VTwNud4v2jw
3055,https://www.youtube.com/watch?v=R96DMGVSNsA
3056,https://www.youtube.com/watch?v=L66Mwb2L8sY
3057,https://www.youtube.com/watch?v=RSSOOLRnliQ
3058,https://www.youtube.com/watch?v=4E9igvd2IDc
3059,https://www.youtube.com/watch?v=XOG1bqwA59E
3060,https://www.youtube.com/watch?v=fi8cidG4P6I
3061,https://www.youtube.com/watch?v=bmTLLTe_kRE
3062,https://www.youtube.com/watch?v=-n_bIPJRsyI
3063,https://www.youtube.com/watch?v=BvxjFRafASo
3064,https://www.youtube.com/watch?v=cAkbFGIIVTo
3065,https://www.youtube.com/watch?v=8pAwLTOdgGE
3066,https://www.youtube.com/watch?v=2YxkRP8d5FE
3067,https://www.youtube.com/watch?v=LVCRDAfF7Zg
3068,https://www.youtube.com/watch?v=3m_IxculRb4
3069,https://www.youtube.com/watch?v=Ga7t-mRzM34
3070,https://www.youtube.com/watch?v=1S9nQF7Lt3g
3071,https://www.youtube.com/watch?v=Z30YS5AsUbg
3072,https://www.youtube.com/watch?v=Kk1x4sqtQS0
3073,https://www.youtube.com/watch?v=gbpZjmeYWQ8
3074,https://www.youtube.com/watch?v=Y1Qt5koQULU
3075,https://www.youtube.com/watch?v=wZU3JB_JLok
3076,https://www.youtube.com/watch?v=KPYBXdfbWJU
3077,https://www.youtube.com/watch?v=gGOeu0lQd1Q
3078,https://www.youtube.com/watch?v=QV1Ejriq0OQ
3079,https://www.youtube.com/watch?v=-h6RT9k9mNs
3080,https://www.youtube.com/watch?v=nYme9DTj3XM
3081,https://www.youtube.com/watch?v=R_85bfFfJa4
3082,https://www.youtube.com/watch?v=dBm_TEGkdY8
3083,https://www.youtube.com/watch?v=WrwjWCZneDs
3084,https://www.youtube.com/watch?v=Nwy3G5uYTCM
3085,https://www.youtube.com/watch?v=nXDCZmJFcss
3086,https://www.youtube.com/watch?v=Q1BuSl0dwkY
3087,https://www.youtube.com/watch?v=GPJuRK3rDDI
3088,https://www.youtube.com/watch?v=LYquA4XXdoo
3089,https://www.youtube.com/watch?v=VtIUIpDeWAU
3090,https://www.youtube.com/watch?v=IPZFICwstMA
3091,https://www.youtube.com/watch?v=XkE2pVRlTGo
3092,https://www.youtube.com/watch?v=c7ON2JcJOFY
3093,https://www.youtube.com/watch?v=v8Sb9DotnH4
3094,https://www.youtube.com/watch?v=N1FAhOATtf8
3095,https://www.youtube.com/watch?v=ZmW5lEw1LpI
3096,https://www.youtube.com/watch?v=-M-Y2WrwjeI
3097,https://www.youtube.com/watch?v=A-ANPRY8oAg
3098,https://www.youtube.com/watch?v=lyVDEhCwEwg
3099,https://www.youtube.com/watch?v=hjA92ngrrTM
3100,https://www.youtube.com/watch?v=WViMFWrfWj0
3101,https://www.youtube.com/watch?v=97yXyN0Gw2Y
3102,https://www.youtube.com/watch?v=mjsALiY8hHs
3103,https://www.youtube.com/watch?v=MuAH5_rizms
3104,https://www.youtube.com/watch?v=kBVv67t9P_g
3105,https://www.youtube.com/watch?v=IJnUAfoiC7w
3106,https://www.youtube.com/watch?v=GLJULLLe__k
3107,https://www.youtube.com/watch?v=iB0u0CurBbQ
3108,https://www.youtube.com/watch?v=AX9FqE7-2x4
3109,https://www.youtube.com/watch?v=E37iwxwTgBI
3110,https://www.youtube.com/watch?v=H9YxFqzwLR4
3111,https://www.youtube.com/watch?v=oIII6ZXDSXY
3112,https://www.youtube.com/watch?v=Z1zFRq6npM8
3113,https://www.youtube.com/watch?v=FKqp3lNpgFA
3114,https://www.youtube.com/watch?v=nTKfmOKz2AQ
3115,https://www.youtube.com/watch?v=WzdCOUt3Unk
3116,https://www.youtube.com/watch?v=K3beZJWbTic
3117,https://www.youtube.com/watch?v=GOjy0dpY8V8
3118,https://www.youtube.com/watch?v=eE7K1c5RXVE
3119,https://www.youtube.com/watch?v=HHUpkeuxk68
3120,https://www.youtube.com/watch?v=my1PHJqQT6Q
3121,https://www.youtube.com/watch?v=08icvSoq878
3122,https://www.youtube.com/watch?v=2PSopvfkFCw
3123,https://www.youtube.com/watch?v=joGBHxRl8U0
3124,https://www.youtube.com/watch?v=JPzcO-YlwfI
3125,https://www.youtube.com/watch?v=iKHsBtoKop4
3126,https://www.youtube.com/watch?v=X4-kksQw9dE
3127,https://www.youtube.com/watch?v=Q5UGBfmjfcQ
3128,https://www.youtube.com/watch?v=_7rR7GBcxHM
3129,https://www.youtube.com/watch?v=5gyPaEjdGzg
3130,https://www.youtube.com/watch?v=nxu8-6OurXs
3131,https://www.youtube.com/watch?v=HMCpdCVlyNI
3132,https://www.youtube.com/watch?v=wWSPESdWhTQ
3133,https://www.youtube.com/watch?v=JO3DSQfIyCY
3134,https://www.youtube.com/watch?v=NmudQU8buy8
3135,https://www.youtube.com/watch?v=yPu32NsHImk
3136,https://www.youtube.com/watch?v=J9qqErzOm9c
3137,https://www.youtube.com/watch?v=yWoetfY8_fw
3138,https://www.youtube.com/watch?v=Jag-bRZNXU0
3139,https://www.youtube.com/watch?v=P7UoKz7Tw1g
3140,https://www.youtube.com/watch?v=ufFbZA8pdUA
3141,https://www.youtube.com/watch?v=XuIcfE41H8o
3142,https://www.youtube.com/watch?v=p4HIv8Qp3-4
3143,https://www.youtube.com/watch?v=3rqMlaZ3vEQ
3144,https://www.youtube.com/watch?v=52gqmj6TRCs
3145,https://www.youtube.com/watch?v=yNxlH8URNl4
3146,https://www.youtube.com/watch?v=QB9uSfRew54
3147,https://www.youtube.com/watch?v=T5AtU-wuSds
3148,https://www.youtube.com/watch?v=oSmXrKZUBqQ
3149,https://www.youtube.com/watch?v=Ts-yuwFMvhY
3150,https://www.youtube.com/watch?v=vYOFTbWNjJQ
3151,https://www.youtube.com/watch?v=Kvw1gLBWFCg
3152,https://www.youtube.com/watch?v=ohPJ2Zben2s
3153,https://www.youtube.com/watch?v=K1T7acpeGAo
3154,https://www.youtube.com/watch?v=NkoJYIRZ7as
3155,https://www.youtube.com/watch?v=-D159xmkviY
3156,https://www.youtube.com/watch?v=y3bo2ndVI2A
3157,https://www.youtube.com/watch?v=oJtrKXyhCCM
3158,https://www.youtube.com/watch?v=SLXyH9gut6M
3159,https://www.youtube.com/watch?v=Qtq9Mt9F3y8
3160,https://www.youtube.com/watch?v=o7zV5ILhfis
3161,https://www.youtube.com/watch?v=X8V5s0rI5-I
3162,https://www.youtube.com/watch?v=4Px6N44XAHs
3163,https://www.youtube.com/watch?v=qqidb0yN6rw
3164,https://www.youtube.com/watch?v=iTfJFR8Nlhk
3165,https://www.youtube.com/watch?v=Uj0qeRl6ngQ
3166,https://www.youtube.com/watch?v=7LVBMVVoU3M
3167,https://www.youtube.com/watch?v=ZW4xIvBMxIY
3168,https://www.youtube.com/watch?v=cxPkpm-bbUo
3169,https://www.youtube.com/watch?v=s-94b1sDQMw
3170,https://www.youtube.com/watch?v=QSHaQzWRJRU
3171,https://www.youtube.com/watch?v=H-cFoZ-CdPU
3172,https://www.youtube.com/watch?v=iz0Msw0DMIk
3173,https://www.youtube.com/watch?v=Wi0JH4ZcyBU
3174,https://www.youtube.com/watch?v=0YUU3bycnf8
3175,https://www.youtube.com/watch?v=Hin85Io1ifM
3176,https://www.youtube.com/watch?v=iGlW2PiQ7h4
3177,https://www.youtube.com/watch?v=011FQ-7bPzA
3178,https://www.youtube.com/watch?v=-VN36cCcaZU
3179,https://www.youtube.com/watch?v=9_Yi5vS0ivY
3180,https://www.youtube.com/watch?v=MzrbOVL5b80
3181,https://www.youtube.com/watch?v=kQv_c-_GbH4
3182,https://www.youtube.com/watch?v=GCjJS8zfPeo
3183,https://www.youtube.com/watch?v=FD2q92cPcFU
3184,https://www.youtube.com/watch?v=6cAtRHPwyuA
3185,https://www.youtube.com/watch?v=eRIyRgIHUAs
3186,https://www.youtube.com/watch?v=NofyZ3ZM9ds
3187,https://www.youtube.com/watch?v=W8oXNYg0JmQ
3188,https://www.youtube.com/watch?v=8t4Eidx9WNI
3189,https://www.youtube.com/watch?v=JdTjQGavYTo
3190,https://www.youtube.com/watch?v=j5Ou-adP5iw
3191,https://www.youtube.com/watch?v=AOHsEZz9cmQ
3192,https://www.youtube.com/watch?v=YvucfgOz3Hw
3193,https://www.youtube.com/watch?v=uxt_DjPwe_s
3194,https://www.youtube.com/watch?v=Cai9PI3KaPo
3195,https://www.youtube.com/watch?v=3qfnbfmQlrs
3196,https://www.youtube.com/watch?v=eGFke20PpsY
3197,https://www.youtube.com/watch?v=alTmYfdnjLI
3198,https://www.youtube.com/watch?v=mssnYvU2cEY
3199,https://www.youtube.com/watch?v=QnpwNDKlNK0
3200,https://www.youtube.com/watch?v=yfpobSQYo-I
3201,https://www.youtube.com/watch?v=OsUkfkZMROU
3202,https://www.youtube.com/watch?v=XP6ZAmLJA8E
3203,https://www.youtube.com/watch?v=OoGUhMC8R4g
3204,https://www.youtube.com/watch?v=zwb1x6737v4
3205,https://www.youtube.com/watch?v=P3Z5IdQK0P8
3206,https://www.youtube.com/watch?v=vH_g7uiHO1k
3207,https://www.youtube.com/watch?v=7xdgCEBkbjU
3208,https://www.youtube.com/watch?v=yFx7nlsdrUU
3209,https://www.youtube.com/watch?v=gKbr2-1tPTs
3210,https://www.youtube.com/watch?v=rNbi835l9Bg
3211,https://www.youtube.com/watch?v=D9B2xDk6fH0
3212,https://www.youtube.com/watch?v=PeoEQ4PBnEI
3213,https://www.youtube.com/watch?v=oTnzDjV5Wkw
3214,https://www.youtube.com/watch?v=FRjPAvC25RI
3215,https://www.youtube.com/watch?v=nMT3aJOsXZM
3216,https://www.youtube.com/watch?v=iyOehFHEwbE
3217,https://www.youtube.com/watch?v=d1g1q6O5f5A
3218,https://www.youtube.com/watch?v=KNAJHTm16kc
3219,https://www.youtube.com/watch?v=A7bqiMwxM2g
3220,https://www.youtube.com/watch?v=qos7-8nDpdU
3221,https://www.youtube.com/watch?v=BKTe9Xq5o1I
3222,https://www.youtube.com/watch?v=HMRK0_XhGDU
3223,https://www.youtube.com/watch?v=jDXW1pvdxGA
3224,https://www.youtube.com/watch?v=vtwzRApqQPA
3225,https://www.youtube.com/watch?v=es7Dnz62-4I
3226,https://www.youtube.com/watch?v=1uQvv3ZlMSM
3227,https://www.youtube.com/watch?v=TqhDe7Nq_ok
3228,https://www.youtube.com/watch?v=oqDRKh2lTDo
3229,https://www.youtube.com/watch?v=YkbE8Msj0Ac
3230,https://www.youtube.com/watch?v=0HvSnhEXuSU
3231,https://www.youtube.com/watch?v=yGwie0jSlD0
3232,https://www.youtube.com/watch?v=9ZisH1ntCoY
3233,https://www.youtube.com/watch?v=oap4Jf-kw9U
3234,https://www.youtube.com/watch?v=fFnQk3w-6NA
3235,https://www.youtube.com/watch?v=IuSWN8VIQ24
3236,https://www.youtube.com/watch?v=KefgKq9EmWY
3237,https://www.youtube.com/watch?v=qPlrQhaQy_I
3238,https://www.youtube.com/watch?v=PldFy0mKJF0
3239,https://www.youtube.com/watch?v=umRaKt2kEY4
3240,https://www.youtube.com/watch?v=ARGzj2YF4pU
3241,https://www.youtube.com/watch?v=BCWzk1fzMLI
3242,https://www.youtube.com/watch?v=NUJ1PnUEOag
3243,https://www.youtube.com/watch?v=XeGoJa9RV9s
3244,https://www.youtube.com/watch?v=oguiM-qXdE8
3245,https://www.youtube.com/watch?v=zVGaBH-OjFI
3246,https://www.youtube.com/watch?v=-DQ8mAscWtg
3247,https://www.youtube.com/watch?v=bEdswMj_MmI
3248,https://www.youtube.com/watch?v=k7iOV0M3TbI
3249,https://www.youtube.com/watch?v=Pqn4OROatBE
3250,https://www.youtube.com/watch?v=5fUhVZD_Asg
3251,https://www.youtube.com/watch?v=bziU8Z0i6LA
3252,https://www.youtube.com/watch?v=bPHfiQ0ZybY
3253,https://www.youtube.com/watch?v=AQvKaqIJ4jg
3254,https://www.youtube.com/watch?v=qXULffbeTKs
3255,https://www.youtube.com/watch?v=HyTstqcxNkA
3256,https://www.youtube.com/watch?v=4OzR2CzhvK8
3257,https://www.youtube.com/watch?v=i0jCeXdu5Gc
3258,https://www.youtube.com/watch?v=rOzCKVjJAEc
3259,https://www.youtube.com/watch?v=5RC8qnY93NQ
3260,https://www.youtube.com/watch?v=lMSPGXyv8VE
3261,https://www.youtube.com/watch?v=G4UIvoiu7sA
3262,https://www.youtube.com/watch?v=90EUmo2kvpg
3263,https://www.youtube.com/watch?v=fyBJq6q-yyQ
3264,https://www.youtube.com/watch?v=B0IAyhrOuqE
3265,https://www.youtube.com/watch?v=doptKryxTQk
3266,https://www.youtube.com/watch?v=2oPHGtrE1cA
3267,https://www.youtube.com/watch?v=83LFRNspKiQ
3268,https://www.youtube.com/watch?v=U6H1KYU6Ch0
3269,https://www.youtube.com/watch?v=4a3iOXP2KGo
3270,https://www.youtube.com/watch?v=VN1zqXTzQSc
3271,https://www.youtube.com/watch?v=m8O7AXt19gk
3272,https://www.youtube.com/watch?v=PepkUmr7A9M
3273,https://www.youtube.com/watch?v=Orwld6_TQYk
3274,https://www.youtube.com/watch?v=JtsbgE_3FRM
3275,https://www.youtube.com/watch?v=KdvAF7ccocw
3276,https://www.youtube.com/watch?v=VTEp8oUINBc
3277,https://www.youtube.com/watch?v=ZKySnm4CJ2Q
3278,https://www.youtube.com/watch?v=qhNyl7RghjA
3279,https://www.youtube.com/watch?v=1mnyrkZvBr4
3280,https://www.youtube.com/watch?v=6f6pBH2LJl4
3281,https://www.youtube.com/watch?v=y9lJh2k7wxc
3282,https://www.youtube.com/watch?v=7q2mYd5hvsM
3283,https://www.youtube.com/watch?v=rLIhVZQuaWs
3284,https://www.youtube.com/watch?v=OSI0Vwnc1GE
3285,https://www.youtube.com/watch?v=tH0z1Y5xtl8
3286,https://www.youtube.com/watch?v=mZq5-khox90
3287,https://www.youtube.com/watch?v=GjTc3RCAqMk
3288,https://www.youtube.com/watch?v=cpoYbSadgks
3289,https://www.youtube.com/watch?v=YJOQxFwIpnE
3290,https://www.youtube.com/watch?v=ducOyCDkOr4
3291,https://www.youtube.com/watch?v=3mqiLCB6el8
3292,https://www.youtube.com/watch?v=Q6AtPtZYR-U
3293,https://www.youtube.com/watch?v=DCtYdFKDL_E
3294,https://www.youtube.com/watch?v=AF9tLf9k6xc
3295,https://www.youtube.com/watch?v=OTuMfB4XXl0
3296,https://www.youtube.com/watch?v=_FqbDeXKJTw
3297,https://www.youtube.com/watch?v=4s3zBF-za3o
3298,https://www.youtube.com/watch?v=5KgxZlzRaOI
3299,https://www.youtube.com/watch?v=JuJlEtFmrl8
3300,https://www.youtube.com/watch?v=RUQa5dtcAPI
3301,https://www.youtube.com/watch?v=ecjREHgUsBo
3302,https://www.youtube.com/watch?v=Li1j-wDzA4A
3303,https://www.youtube.com/watch?v=IX44bjjhr1o
3304,https://www.youtube.com/watch?v=2rAqHWJ6rTw
3305,https://www.youtube.com/watch?v=_-vvitEGV_Q
3306,https://www.youtube.com/watch?v=U3Knqtm--TQ
3307,https://www.youtube.com/watch?v=Z6uKo68AHNE
3308,https://www.youtube.com/watch?v=m-3B-IG3Y4M
3309,https://www.youtube.com/watch?v=WozdtGsVtrg
3310,https://www.youtube.com/watch?v=Vt8X16zrShI
3311,https://www.youtube.com/watch?v=X3svcZSNaCE
3312,https://www.youtube.com/watch?v=DYyrrC3rnPo
3313,https://www.youtube.com/watch?v=JnjF0FsL5E8
3314,https://www.youtube.com/watch?v=swnbfgY8Z0s
3315,https://www.youtube.com/watch?v=slUen4AShlA
3316,https://www.youtube.com/watch?v=17A8tKLgutc
3317,https://www.youtube.com/watch?v=krNcOQQgGms
3318,https://www.youtube.com/watch?v=yZY1OVt76Rc
3319,https://www.youtube.com/watch?v=uAw0LM2chd8
3320,https://www.youtube.com/watch?v=sQ_2gJUj5S0
3321,https://www.youtube.com/watch?v=t7uwTJTWtsg
3322,https://www.youtube.com/watch?v=4NgZ2ij6vR8
3323,https://www.youtube.com/watch?v=ECgmwv5KqPk
3324,https://www.youtube.com/watch?v=qrbcVTny3Lk
3325,https://www.youtube.com/watch?v=HMWlUkn13Gc
3326,https://www.youtube.com/watch?v=e4NcwMyDCEI
3327,https://www.youtube.com/watch?v=dAnaqy7WIw0
3328,https://www.youtube.com/watch?v=dXLJskQee9k
3329,https://www.youtube.com/watch?v=WaZLuy6F0tY
3330,https://www.youtube.com/watch?v=q-dPuZZLYLg
3331,https://www.youtube.com/watch?v=Q5h3UEQ0Iek
3332,https://www.youtube.com/watch?v=xhWbl58MaxU
3333,https://www.youtube.com/watch?v=R8oVJoXHemE
3334,https://www.youtube.com/watch?v=ldlTa-RF3z0
3335,https://www.youtube.com/watch?v=-Z_aK8wLuiE
3336,https://www.youtube.com/watch?v=fgN445DipK4
3337,https://www.youtube.com/watch?v=6JEMqYHg_Ls
3338,https://www.youtube.com/watch?v=NVCbOdoz2P8
3339,https://www.youtube.com/watch?v=2DYxG9FyXFc
3340,https://www.youtube.com/watch?v=qd8HpIPqYpI
3341,https://www.youtube.com/watch?v=WFXberSaV58
3342,https://www.youtube.com/watch?v=XByJc78ri70
3343,https://www.youtube.com/watch?v=B9tpWrpl2nY
3344,https://www.youtube.com/watch?v=EnoMzhwln9U
3345,https://www.youtube.com/watch?v=72LKVXUS_30
3346,https://www.youtube.com/watch?v=36sf01wOa5k
3347,https://www.youtube.com/watch?v=zSywCNhQzYw
3348,https://www.youtube.com/watch?v=avSjrKUCQMs
3349,https://www.youtube.com/watch?v=ZbWiaauAxyg
3350,https://www.youtube.com/watch?v=ZsNIVRXVXCI
3351,https://www.youtube.com/watch?v=gvuHbrTFmPs
3352,https://www.youtube.com/watch?v=GJx0dvR1c7A
3353,https://www.youtube.com/watch?v=hhEt5o5gu5Y
3354,https://www.youtube.com/watch?v=zwfJ_6MJEVw
3355,https://www.youtube.com/watch?v=RDzbg06dfzU
3356,https://www.youtube.com/watch?v=O5umSMBDSD8
3357,https://www.youtube.com/watch?v=SOEBW-oyJfg
3358,https://www.youtube.com/watch?v=Yx6S0bI6Kkk
3359,https://www.youtube.com/watch?v=_K9g8c1UCc0
3360,https://www.youtube.com/watch?v=kgxwRiRlee4
3361,https://www.youtube.com/watch?v=pidCF210C8Q
3362,https://www.youtube.com/watch?v=G4GT4wHSzhs
3363,https://www.youtube.com/watch?v=0BUqIYCTl4g
3364,https://www.youtube.com/watch?v=tD3CtgiAKrA
3365,https://www.youtube.com/watch?v=4cCwV2-f-Bc
3366,https://www.youtube.com/watch?v=sYsYNOqYcek
3367,https://www.youtube.com/watch?v=UkVBQwJUjkA
3368,https://www.youtube.com/watch?v=xwKb2VW8AWs
3369,https://www.youtube.com/watch?v=c3rL3-x7Iog
3370,https://www.youtube.com/watch?v=0DLqz06Sk4Y
3371,https://www.youtube.com/watch?v=BFe_8kzAzR8
3372,https://www.youtube.com/watch?v=pDSvGC5VdxU
3373,https://www.youtube.com/watch?v=rtjtNLssBrI
3374,https://www.youtube.com/watch?v=ROnY6TiEkDE
3375,https://www.youtube.com/watch?v=fkZWmphdSlU
3376,https://www.youtube.com/watch?v=PqX_FK20RR0
3377,https://www.youtube.com/watch?v=ETNUEQyRndY
3378,https://www.youtube.com/watch?v=vrKbdJduZjA
3379,https://www.youtube.com/watch?v=BXCB0mkLBN4
3380,https://www.youtube.com/watch?v=PdPCPXyz4xc
3381,https://www.youtube.com/watch?v=a0_9wBV6Mvw
3382,https://www.youtube.com/watch?v=EUFYBh8uQVg
3383,https://www.youtube.com/watch?v=P6n5M2f3yfU
3384,https://www.youtube.com/watch?v=-eAVeo4BZxk
3385,https://www.youtube.com/watch?v=zKHblhvhZCQ
3386,https://www.youtube.com/watch?v=euruBEaclhQ
3387,https://www.youtube.com/watch?v=h0ge5Q4Kk4Y
3388,https://www.youtube.com/watch?v=muDbW-KbKs8
3389,https://www.youtube.com/watch?v=iQvHbDIOkFk
3390,https://www.youtube.com/watch?v=q6hCfSthd-g
3391,https://www.youtube.com/watch?v=prK9tnWIZxA
3392,https://www.youtube.com/watch?v=gYL4kctW-Ac
3393,https://www.youtube.com/watch?v=1QD14K7EfnQ
3394,https://www.youtube.com/watch?v=9Hd4xW_zcSI
3395,https://www.youtube.com/watch?v=bppdN6zTHBY
3396,https://www.youtube.com/watch?v=WhFq665lgJY
3397,https://www.youtube.com/watch?v=6ivhQZV0s_c
3398,https://www.youtube.com/watch?v=lRD1Gw2VH44
3399,https://www.youtube.com/watch?v=HECSMdblgw0
3400,https://www.youtube.com/watch?v=CZbDvGREVfc
3401,https://www.youtube.com/watch?v=bt3bSekyj80
3402,https://www.youtube.com/watch?v=BsRR9RRM8oA
3403,https://www.youtube.com/watch?v=Fo-P4R6krO8
3404,https://www.youtube.com/watch?v=0HsZE6EoInc
3405,https://www.youtube.com/watch?v=nSzVU0vDsyc
3406,https://www.youtube.com/watch?v=YwE56vwJthE
3407,https://www.youtube.com/watch?v=Wt47tIqzQpk
3408,https://www.youtube.com/watch?v=gNgrLP_9p4M
3409,https://www.youtube.com/watch?v=H5HxN_2Ilc8
3410,https://www.youtube.com/watch?v=mf7tzrloOig
3411,https://www.youtube.com/watch?v=EWMeRskbnaI
3412,https://www.youtube.com/watch?v=hzIeVIqet_8
3413,https://www.youtube.com/watch?v=njHvL0lLCpM
3414,https://www.youtube.com/watch?v=D5rTKSObwos
3415,https://www.youtube.com/watch?v=Bxi5_P7zkns
3416,https://www.youtube.com/watch?v=nNpvzDxWip8
3417,https://www.youtube.com/watch?v=_sNr8Ec-5RQ
3418,https://www.youtube.com/watch?v=a8ubfXjw1ms
3419,https://www.youtube.com/watch?v=eLWfC6XCOT4
3420,https://www.youtube.com/watch?v=UG8H7aat2E0
3421,https://www.youtube.com/watch?v=-E8aFgJbSkg
3422,https://www.youtube.com/watch?v=jqhNQ1bXRBQ
3423,https://www.youtube.com/watch?v=kSWu3224u4M
3424,https://www.youtube.com/watch?v=tDV8VDaavMk
3425,https://www.youtube.com/watch?v=s2wAnIBZeXI
3426,https://www.youtube.com/watch?v=KVzFHFKTHZI
3427,https://www.youtube.com/watch?v=VOrLB8PAGfo
3428,https://www.youtube.com/watch?v=roZ1_HZM0sE
3429,https://www.youtube.com/watch?v=eIudtjhD8ok
3430,https://www.youtube.com/watch?v=GIH2i32p3kw
3431,https://www.youtube.com/watch?v=jAjGWqr6cJQ
3432,https://www.youtube.com/watch?v=_hd4i5LdW0o
3433,https://www.youtube.com/watch?v=q6qLSJCSwtE
3434,https://www.youtube.com/watch?v=otr-FttMsQM
3435,https://www.youtube.com/watch?v=tVNK_OogcrQ
3436,https://www.youtube.com/watch?v=b4t9glw8HKk
3437,https://www.youtube.com/watch?v=Xi6L2X-cxP8
3438,https://www.youtube.com/watch?v=ODMtl1fQ1mA
3439,https://www.youtube.com/watch?v=pspAPr1niYA
3440,https://www.youtube.com/watch?v=8gOM-cX-PuM
3441,https://www.youtube.com/watch?v=Dgu9IDANFGY
3442,https://www.youtube.com/watch?v=WGf_-PLBt80
3443,https://www.youtube.com/watch?v=Cr5DeAJX_60
3444,https://www.youtube.com/watch?v=XbnVQsqLuGw
3445,https://www.youtube.com/watch?v=DwB_7b76f0Q
3446,https://www.youtube.com/watch?v=-cdGPqVweSc
3447,https://www.youtube.com/watch?v=sGN1DJPzQ5A
3448,https://www.youtube.com/watch?v=5AOoUyc5E3M
3449,https://www.youtube.com/watch?v=zexKAKj3HNI
3450,https://www.youtube.com/watch?v=UW5cJnk6nj4
3451,https://www.youtube.com/watch?v=EJ9GuC15VPE
3452,https://www.youtube.com/watch?v=x6HJsXQxHSk
3453,https://www.youtube.com/watch?v=lqKszbRRzsM
3454,https://www.youtube.com/watch?v=iPx0nDJneHg
3455,https://www.youtube.com/watch?v=FNN7bLKrdPI
3456,https://www.youtube.com/watch?v=TrVhr9XaQ9w
3457,https://www.youtube.com/watch?v=TnsGsPtiMXA
3458,https://www.youtube.com/watch?v=MFC6piM1PBM
3459,https://www.youtube.com/watch?v=KlrhwnPVJxE
3460,https://www.youtube.com/watch?v=AVmzkmU5SpI
3461,https://www.youtube.com/watch?v=web1dVEd_20
3462,https://www.youtube.com/watch?v=qpmeAZLALbc
3463,https://www.youtube.com/watch?v=ZojG1y3tco0
3464,https://www.youtube.com/watch?v=rUKhIFX2_Z4
3465,https://www.youtube.com/watch?v=5ml_evbszeM
3466,https://www.youtube.com/watch?v=mQD09POUGS4
3467,https://www.youtube.com/watch?v=t4YjPNwio0U
3468,https://www.youtube.com/watch?v=TSJfO-Njpdo
3469,https://www.youtube.com/watch?v=3EpFazZGg5g
3470,https://www.youtube.com/watch?v=gB-yOzHsNQA
3471,https://www.youtube.com/watch?v=-WkX4Vpr3dY
3472,https://www.youtube.com/watch?v=JDOW8_oCycI
3473,https://www.youtube.com/watch?v=5B6WBXC5tGs
3474,https://www.youtube.com/watch?v=9-rRFFL1VvM
3475,https://www.youtube.com/watch?v=DucCnI5ZrKE
3476,https://www.youtube.com/watch?v=1rVa-9GuH6s
3477,https://www.youtube.com/watch?v=NibjXFbbG_c
3478,https://www.youtube.com/watch?v=n-cjxdM59LU
3479,https://www.youtube.com/watch?v=PZrBC51KCvc
3480,https://www.youtube.com/watch?v=tzSvT4pHYC8
3481,https://www.youtube.com/watch?v=R165L-DDh1w
3482,https://www.youtube.com/watch?v=EldpUejFi-Q
3483,https://www.youtube.com/watch?v=yHcniVCw-XI
3484,https://www.youtube.com/watch?v=efmop9VHAhQ
3485,https://www.youtube.com/watch?v=UKgE1uPlcL0
3486,https://www.youtube.com/watch?v=WJg5--BqX0w
3487,https://www.youtube.com/watch?v=4eolRJliryY
3488,https://www.youtube.com/watch?v=n0N6j0MtOvI
3489,https://www.youtube.com/watch?v=42r8R41gNXg
3490,https://www.youtube.com/watch?v=cdgc168aFH8
3491,https://www.youtube.com/watch?v=LHGxgFIxvmg
3492,https://www.youtube.com/watch?v=ICksTclLy2c
3493,https://www.youtube.com/watch?v=rS27sz7YdRs
3494,https://www.youtube.com/watch?v=E14PSiWsmeM
3495,https://www.youtube.com/watch?v=LjM-ixsIzbA
3496,https://www.youtube.com/watch?v=aW5ELXFoYxM
3497,https://www.youtube.com/watch?v=VZZI6cTFKBY
3498,https://www.youtube.com/watch?v=I4A7KYH72KY
3499,https://www.youtube.com/watch?v=x01xUanZAuo
3500,https://www.youtube.com/watch?v=J1HQsPY5G48
3501,https://www.youtube.com/watch?v=N3cdxtwLtMs
3502,https://www.youtube.com/watch?v=Yon868JHyoI
3503,https://www.youtube.com/watch?v=iwW5amESY_Q
3504,https://www.youtube.com/watch?v=tw-Gc0UhkAY
3505,https://www.youtube.com/watch?v=k4Dg_qKWXNs
3506,https://www.youtube.com/watch?v=gQqBZlbHSuM
3507,https://www.youtube.com/watch?v=bTCVJsBUAso
3508,https://www.youtube.com/watch?v=T1VrMBlh0Q0
3509,https://www.youtube.com/watch?v=TY3mhNEHpgc
3510,https://www.youtube.com/watch?v=Zn25rTbDyvs
3511,https://www.youtube.com/watch?v=e2dx8V4S6Lg
3512,https://www.youtube.com/watch?v=3LhSDcnG1bA
3513,https://www.youtube.com/watch?v=J9a35PKyfI0
3514,https://www.youtube.com/watch?v=-54URvrKW58
3515,https://www.youtube.com/watch?v=kHykxyaOCKw
3516,https://www.youtube.com/watch?v=tvZ5E2jtcRw
3517,https://www.youtube.com/watch?v=as1fYPFlWK4
3518,https://www.youtube.com/watch?v=sFD09RnDneg
3519,https://www.youtube.com/watch?v=zfU8X3FNafU
3520,https://www.youtube.com/watch?v=tAfn5jK6Djk
3521,https://www.youtube.com/watch?v=qnoxTXWOB0Q
3522,https://www.youtube.com/watch?v=lApy5MZUNM8
3523,https://www.youtube.com/watch?v=z6c5tB8geb0
3524,https://www.youtube.com/watch?v=7--6VjqZp9w
3525,https://www.youtube.com/watch?v=_2NZx4sMaxk
3526,https://www.youtube.com/watch?v=5GR5rJobXMo
3527,https://www.youtube.com/watch?v=Y59kAEryKEU
3528,https://www.youtube.com/watch?v=LocJuSQ3JA4
3529,https://www.youtube.com/watch?v=_wDNv9uv0tg
3530,https://www.youtube.com/watch?v=SGxkGvFhdBs
3531,https://www.youtube.com/watch?v=UaqRIErIEok
3532,https://www.youtube.com/watch?v=qDpD6ORh4R4
3533,https://www.youtube.com/watch?v=ZyyFDFYqqQM
3534,https://www.youtube.com/watch?v=0RC1jB6DXoU
3535,https://www.youtube.com/watch?v=IYqBuXmxnEc
3536,https://www.youtube.com/watch?v=TgMT99YGyXE
3537,https://www.youtube.com/watch?v=FCgxuBXpve8
3538,https://www.youtube.com/watch?v=FUVCmptkFrM
3539,https://www.youtube.com/watch?v=2K2wkd9dWnA
3540,https://www.youtube.com/watch?v=_RPhy3iNe0Q
3541,https://www.youtube.com/watch?v=WfTaNQIRqr8
3542,https://www.youtube.com/watch?v=3ioejcn8Zp0
3543,https://www.youtube.com/watch?v=tKOEilMKmjk
3544,https://www.youtube.com/watch?v=odNZauyCaPQ
3545,https://www.youtube.com/watch?v=_7-ocNVIubA
3546,https://www.youtube.com/watch?v=-6_YbTqDTBU
3547,https://www.youtube.com/watch?v=j76Gi3JoJL0
3548,https://www.youtube.com/watch?v=Mf6RdrIaFCA
3549,https://www.youtube.com/watch?v=vFduJCdIt4o
3550,https://www.youtube.com/watch?v=4mnk9yCY5DQ
3551,https://www.youtube.com/watch?v=2P_OyUVpzi0
3552,https://www.youtube.com/watch?v=DcapHS5eICs
3553,https://www.youtube.com/watch?v=jpKxjPkzp9U
3554,https://www.youtube.com/watch?v=FXpyQrnwySw
3555,https://www.youtube.com/watch?v=Zqudrd7x_OA
3556,https://www.youtube.com/watch?v=EZT4DzO6XWk
3557,https://www.youtube.com/watch?v=Lltvw-5vAaw
3558,https://www.youtube.com/watch?v=Mp6XYzAtxMQ
3559,https://www.youtube.com/watch?v=dOmDW6Xbkd8
3560,https://www.youtube.com/watch?v=BS9c1z0mLFE
3561,https://www.youtube.com/watch?v=I_zHP2HWQYk
3562,https://www.youtube.com/watch?v=jq_uHSP7YGI
3563,https://www.youtube.com/watch?v=QZXzDZ_XJsY
3564,https://www.youtube.com/watch?v=IWFx0rMJlOI
3565,https://www.youtube.com/watch?v=139exsoqLQU
3566,https://www.youtube.com/watch?v=OJogfB_lJro
3567,https://www.youtube.com/watch?v=fTecsxVabe8
3568,https://www.youtube.com/watch?v=cPG4kbwqwyg
3569,https://www.youtube.com/watch?v=xlwSoj7j3Rg
3570,https://www.youtube.com/watch?v=i0PnMuSWeBY
3571,https://www.youtube.com/watch?v=5qNvXQR1cXw
3572,https://www.youtube.com/watch?v=BI6WBiltMw8
3573,https://www.youtube.com/watch?v=CANOy8Z2ld8
3574,https://www.youtube.com/watch?v=LJIFQyHOlRY
3575,https://www.youtube.com/watch?v=s1g86tyrxlI
3576,https://www.youtube.com/watch?v=7ArvqDzuhZU
3577,https://www.youtube.com/watch?v=mWhWmEzspxs
3578,https://www.youtube.com/watch?v=gMqdCa4C8WY
3579,https://www.youtube.com/watch?v=udDLNi7ExtQ
3580,https://www.youtube.com/watch?v=Q7iLaBZTY5g
3581,https://www.youtube.com/watch?v=JaCs7C_Somo
3582,https://www.youtube.com/watch?v=OifmbxAx_6g
3583,https://www.youtube.com/watch?v=H-tbcUr6S8w
3584,https://www.youtube.com/watch?v=QBMe82WoLbY
3585,https://www.youtube.com/watch?v=7v6qa_NrRK8
3586,https://www.youtube.com/watch?v=P36UFzQLruY
3587,https://www.youtube.com/watch?v=FqsLymMbvN4
3588,https://www.youtube.com/watch?v=FvfI4wn0yMY
3589,https://www.youtube.com/watch?v=LaiLcAPzO8Y
3590,https://www.youtube.com/watch?v=3z6eZ5zn3OM
3591,https://www.youtube.com/watch?v=nhKTjWhr5Ls
3592,https://www.youtube.com/watch?v=v5X0K_yR1iE
3593,https://www.youtube.com/watch?v=qlzkCqiwzJ4
3594,https://www.youtube.com/watch?v=v7GVItninCQ
3595,https://www.youtube.com/watch?v=agsnGkZrGdY
3596,https://www.youtube.com/watch?v=l7WH6Fi_kyI
3597,https://www.youtube.com/watch?v=hcz9nJ4gaKc
3598,https://www.youtube.com/watch?v=BidUs5xPx-s
3599,https://www.youtube.com/watch?v=5yEClK8tWlc
3600,https://www.youtube.com/watch?v=Mri9CCAi288
3601,https://www.youtube.com/watch?v=_9KOcxA68Og
3602,https://www.youtube.com/watch?v=oDh4N0gyITM
3603,https://www.youtube.com/watch?v=-8mfZ4RMIUM
3604,https://www.youtube.com/watch?v=StbH9Z5B5u4
3605,https://www.youtube.com/watch?v=01ie4KJ90x8
3606,https://www.youtube.com/watch?v=LTlArPGsNYg
3607,https://www.youtube.com/watch?v=KDIDffxJTi8
3608,https://www.youtube.com/watch?v=fTKd1jHPPcs
3609,https://www.youtube.com/watch?v=zc1-SaM3Ccw
3610,https://www.youtube.com/watch?v=BdaEODCn1Ig
3611,https://www.youtube.com/watch?v=wTT3_uJ-sro
3612,https://www.youtube.com/watch?v=eaRfmGbi70Y
3613,https://www.youtube.com/watch?v=-igTvpl4hQk
3614,https://www.youtube.com/watch?v=Md2CrQuAD3Q
3615,https://www.youtube.com/watch?v=KBQ1Qg4fcHI
3616,https://www.youtube.com/watch?v=FzEj1ieF7_k
3617,https://www.youtube.com/watch?v=HYqQE-8IdkU
3618,https://www.youtube.com/watch?v=iBuYWmLuRdg
3619,https://www.youtube.com/watch?v=TJxvhHa_EAo
3620,https://www.youtube.com/watch?v=eWGeUZ-Hcl0
3621,https://www.youtube.com/watch?v=1ztGIJTNelM
3622,https://www.youtube.com/watch?v=2lm_wqq8Sr4
3623,https://www.youtube.com/watch?v=17_PCJXf7qA
3624,https://www.youtube.com/watch?v=MfWPsmPOKm8
3625,https://www.youtube.com/watch?v=Os6GXRTISLc
3626,https://www.youtube.com/watch?v=lMUHOpfLEqc
3627,https://www.youtube.com/watch?v=opuAWpJacCA
3628,https://www.youtube.com/watch?v=BWzg32y-d74
3629,https://www.youtube.com/watch?v=78YsX9HkXsE
3630,https://www.youtube.com/watch?v=mDpuyb8ZmGU
3631,https://www.youtube.com/watch?v=sua3ezoN0B0
3632,https://www.youtube.com/watch?v=-BY3MhEYASU
3633,https://www.youtube.com/watch?v=YQae6ij6-48
3634,https://www.youtube.com/watch?v=BgQkViC2smU
3635,https://www.youtube.com/watch?v=zVjt79VJH0s
3636,https://www.youtube.com/watch?v=y44fq8oNV2w
3637,https://www.youtube.com/watch?v=Mpvp9O-AHX4
3638,https://www.youtube.com/watch?v=4TC1lnCUQU8
3639,https://www.youtube.com/watch?v=4X_wE_mpGX0
3640,https://www.youtube.com/watch?v=VlYxz0l_jKY
3641,https://www.youtube.com/watch?v=SKjiLylM1rY
3642,https://www.youtube.com/watch?v=Kw66lX6RWK8
3643,https://www.youtube.com/watch?v=4I1_dYl50iQ
3644,https://www.youtube.com/watch?v=0aPzMYpl5SA
3645,https://www.youtube.com/watch?v=QuMh6pmOXw4
3646,https://www.youtube.com/watch?v=kmUjWbaHxk4
3647,https://www.youtube.com/watch?v=OSAXqwoOxaY
3648,https://www.youtube.com/watch?v=dr52ASmp9tU
3649,https://www.youtube.com/watch?v=4wk4D8zeGec
3650,https://www.youtube.com/watch?v=JlmNYPL7KGE
3651,https://www.youtube.com/watch?v=ugLTpMD6GNs
3652,https://www.youtube.com/watch?v=swZ_gU2gT4w
3653,https://www.youtube.com/watch?v=mhHgqFsQu9o
3654,https://www.youtube.com/watch?v=6DZzlpKsVcU
3655,https://www.youtube.com/watch?v=7Y6shr4Lt-A
3656,https://www.youtube.com/watch?v=ZBx_L0hianU
3657,https://www.youtube.com/watch?v=Af1w-ym5tj4
3658,https://www.youtube.com/watch?v=woTjwbxks7w
3659,https://www.youtube.com/watch?v=IrJgABmMFaU
3660,https://www.youtube.com/watch?v=XYvDcDjvojU
3661,https://www.youtube.com/watch?v=EXcNl6RQsp0
3662,https://www.youtube.com/watch?v=_RplDwH1ieE
3663,https://www.youtube.com/watch?v=8n86XV7LL-k
3664,https://www.youtube.com/watch?v=5QyvsqzCLwg
3665,https://www.youtube.com/watch?v=vCp25rukc0M
3666,https://www.youtube.com/watch?v=asyD4ORpS08
3667,https://www.youtube.com/watch?v=cTvuD6h5pHQ
3668,https://www.youtube.com/watch?v=EXhhjP9GoMo
3669,https://www.youtube.com/watch?v=X-QbMkFc3MY
3670,https://www.youtube.com/watch?v=1uh3Myw2md0
3671,https://www.youtube.com/watch?v=eY3l8u2wZEQ
3672,https://www.youtube.com/watch?v=cnU_ArBtTeE
3673,https://www.youtube.com/watch?v=xtjwUwuqBcY
3674,https://www.youtube.com/watch?v=jNWnoZq85Uw
3675,https://www.youtube.com/watch?v=eIAoN6Fcttk
3676,https://www.youtube.com/watch?v=Hp4K4xT0G6o
3677,https://www.youtube.com/watch?v=dGC2pXx9Ffw
3678,https://www.youtube.com/watch?v=CGsIPubWsAk
3679,https://www.youtube.com/watch?v=Vujk1h6IQMk
3680,https://www.youtube.com/watch?v=z4RhQ3O15f0
3681,https://www.youtube.com/watch?v=885UD2SRHhc
3682,https://www.youtube.com/watch?v=oQ2cJcfpT_U
3683,https://www.youtube.com/watch?v=O8wsDzXP-Yw
3684,https://www.youtube.com/watch?v=epzmm3iL_xo
3685,https://www.youtube.com/watch?v=iZdWq3pxesM
3686,https://www.youtube.com/watch?v=c8Z5_fhf6K4
3687,https://www.youtube.com/watch?v=1AquNjbA5rc
3688,https://www.youtube.com/watch?v=cAxyxsS-NOI
3689,https://www.youtube.com/watch?v=Ln4zxu_F5cg
3690,https://www.youtube.com/watch?v=eoFUyWM5CPw
3691,https://www.youtube.com/watch?v=1VAIHDKjE4U
3692,https://www.youtube.com/watch?v=YJfZpX8xzds
3693,https://www.youtube.com/watch?v=ZNcaSZBDMVI
3694,https://www.youtube.com/watch?v=TfqwKGwQH-8
3695,https://www.youtube.com/watch?v=6QTgkyoJinM
3696,https://www.youtube.com/watch?v=1JLwZNOIzzI
3697,https://www.youtube.com/watch?v=rJ56wnU7ABM
3698,https://www.youtube.com/watch?v=c0BXCAJyKaM
3699,https://www.youtube.com/watch?v=uPrfkBq20aI
3700,https://www.youtube.com/watch?v=UlYJjy8JOtk