Level,Video
1,https://www.youtube.com/watch?v=w3R9LQxnDJI
2,https://www.youtube.com/shorts/hGNwXhQ-hSY
3,https://www.youtube.com/watch?v=LqUNMJo4mnE
4,https://www.youtube.com/watch?v=Ykg7Nj6h_1k
5,https://www.youtube.com/watch?v=NqdTHNXk0dk
6,https://www.youtube.com/watch?v=5sZvJ1dJrr8
7,https://www.youtube.com/watch?v=ibNXJxYEsIg
8,https://www.youtube.com/watch?v=L0yKM-n17q8
9,https://www.youtube.com/watch?v=Tk1HTujpqS8
10,https://www.youtube.com/watch?v=Hrnvr7ubHF4
11,https://www.youtube.com/watch?v=eMRIIIHp-Ho
12,https://www.youtube.com/watch?v=blyCz2Xb9ao
13,https://www.youtube.com/watch?v=cnntOWE6tR0
14,https://www.youtube.com/watch?v=Gh0pqtj3XoI
15,https://www.youtube.com/watch?v=QgR0t_6x4jw
16,https://www.youtube.com/watch?v=QKx28liZJ-k
17,https://www.youtube.com/watch?v=50pjtdfhm-I
18,https://www.youtube.com/watch?v=OqQiqidIcPw
19,https://www.youtube.com/watch?v=3QSCAddzDWY
20,https://www.youtube.com/watch?v=z8l_I42Xzm0
21,https://www.youtube.com/watch?v=0kdl0Xdno2A
22,https://www.youtube.com/watch?v=a0KaUDZ8Jsc
23,https://www.youtube.com/watch?v=HUrSpokhCG0
24,https://www.youtube.com/watch?v=9WRanAe2iF0
25,https://www.youtube.com/watch?v=BCp5DZ8MmmM
26,https://www.youtube.com/watch?v=haz25QxNMy4
27,https://www.youtube.com/watch?v=U1PAUYoi92w
28,https://www.youtube.com/watch?v=vRL_U_unAG4
29,https://www.youtube.com/watch?v=jL_jrdNsmQI
30,https://www.youtube.com/watch?v=7E7WppH9MQY
31,https://www.youtube.com/watch?v=TosX4yFSFmI
32,https://www.youtube.com/watch?v=83EF-TxcBCI
33,https://www.youtube.com/watch?v=tploaLg1a7M
34,https://www.youtube.com/watch?v=xhdDv5hH3rY
35,https://www.youtube.com/watch?v=8ofWnXVFRSo
36,https://www.youtube.com/watch?v=qvB4kLSNKqU
37,https://www.youtube.com/watch?v=XAim6ARUkMI
38,https://www.youtube.com/watch?v=X20jN0JwvPc
39,https://www.youtube.com/watch?v=QaqnobPv5Eg
40,https://www.youtube.com/watch?v=1knGacu8Da4
41,https://www.youtube.com/watch?v=YJnmOahfUEg
42,https://www.youtube.com/watch?v=ZO85bpTARdI
43,https://www.youtube.com/watch?v=5cCdpkXhA38
44,https://www.youtube.com/watch?v=68t72FTz-ZI
45,https://www.youtube.com/watch?v=ittmDS8g-YQ
46,https://www.youtube.com/watch?v=5UVW2hTpijw
47,https://www.youtube.com/watch?v=7x7PxMPIPQs
48,https://www.youtube.com/watch?v=bxjAGfOt56Q
49,https://www.youtube.com/watch?v=n_Nug06l1Tg
50,https://www.youtube.com/watch?v=zics9Ujn0kU
51,https://www.youtube.com/watch?v=8stTbBtSnC4
52,https://www.youtube.com/watch?v=JvtS6sM65sc
53,https://www.youtube.com/watch?v=S4gHlXjbSG0
54,https://www.youtube.com/watch?v=4P5TkA9tMAw
55,https://www.youtube.com/watch?v=Qzv68515n6c
56,https://www.youtube.com/watch?v=OslpTOySnSU
57,https://www.youtube.com/watch?v=sI9xYvSpqZE
58,https://www.youtube.com/watch?v=U9NYqesrpoQ
59,https://www.youtube.com/watch?v=aT1P0qiev1A
60,https://www.youtube.com/watch?v=Cy14Yrm2ZpM
61,https://www.youtube.com/watch?v=Xs9QY4qmmXU
62,https://www.youtube.com/watch?v=zSwFmFXPoD8
63,https://www.youtube.com/watch?v=0hDawSkWWZ8
64,https://www.youtube.com/watch?v=byrZDBrpaQY
65,https://www.youtube.com/watch?v=T14isr7srTY
66,https://www.youtube.com/watch?v=LzI-R507fRk
67,https://www.youtube.com/watch?v=TwYojA7p5CU
68,https://www.youtube.com/watch?v=i-luG5T1oeA
69,https://www.youtube.com/watch?v=__WMahxrSmk
70,https://www.youtube.com/watch?v=tHhzksrhwXU
71,https://www.youtube.com/watch?v=6aIHjgyjiVo
72,https://www.youtube.com/watch?v=wnbURbH_6hw
73,https://www.youtube.com/watch?v=ph22eIt_wE0
74,https://www.youtube.com/watch?v=bzHSkhE3LGY
75,https://www.youtube.com/watch?v=qNnV-ibQX-c
76,https://www.youtube.com/watch?v=mFayxRMnD5A
77,https://www.youtube.com/watch?v=L7Ci04xe5Zk
78,https://www.youtube.com/watch?v=HclSHH8OCTw
79,https://www.youtube.com/watch?v=_6QjzELoDsw
80,https://www.youtube.com/watch?v=uDERYl2AIzg
81,https://www.youtube.com/watch?v=xFFBap9aD7o
82,https://www.youtube.com/watch?v=KQDH3beWJdU
83,https://www.youtube.com/watch?v=9ZSJXNR5PLI
84,https://www.youtube.com/watch?v=v_5bqsZfvJI
85,https://www.youtube.com/watch?v=vWavaq9zxiQ
86,https://www.youtube.com/watch?v=GiK2k0JMtDw
87,https://www.youtube.com/watch?v=HT4iar1yx7o
88,https://www.youtube.com/watch?v=xHFqcAyOhsI
89,https://www.youtube.com/watch?v=ZFMLMbBnXM4
90,https://www.youtube.com/watch?v=i1zdfZ9u7K4
91,https://www.youtube.com/watch?v=oINuD8ANiSs
92,https://www.youtube.com/watch?v=U_mIK5ShOYI
93,https://www.youtube.com/watch?v=JQICzjEsxSk
94,https://www.youtube.com/watch?v=VL7qGQDIcCU
95,https://www.youtube.com/watch?v=8fYfI2eQ5Jk
96,https://www.youtube.com/watch?v=tn7lkTCNcZw
97,https://www.youtube.com/watch?v=P-CMYJtAPOM
98,https://www.youtube.com/watch?v=ojEyR5M0-q4
99,https://www.youtube.com/watch?v=zJtwFXRxW4o
100,https://www.youtube.com/watch?v=0UbvGPR4aN0
101,https://www.youtube.com/watch?v=QYbGRlw9_oc
102,https://www.youtube.com/watch?v=029j_a2ai1w
103,https://www.youtube.com/watch?v=d9Q-2HPu5OU
104,https://www.youtube.com/watch?v=juidJJ17o38
105,https://www.youtube.com/watch?v=veGWAX0f5cM
106,https://www.youtube.com/watch?v=4dmdsU8VDVU
107,https://www.youtube.com/watch?v=Pr-BswJwmBE
108,https://www.youtube.com/watch?v=NjCqN4YoCLA
109,https://www.youtube.com/watch?v=TlC-kDeHHds
110,https://www.youtube.com/watch?v=pG4ldzTyMGc
111,https://www.youtube.com/watch?v=Ish-qGaZjQk
112,https://www.youtube.com/watch?v=rx4j0TmeN1Q
113,https://www.youtube.com/watch?v=rRZq-wHBj7M
114,https://www.youtube.com/watch?v=jZzTZ9SzF_w
115,https://www.youtube.com/watch?v=H6r8GkNNyu8
116,https://www.youtube.com/watch?v=C0r9xFt4OH8
117,https://www.youtube.com/watch?v=lORqsOUtdaY
118,https://www.youtube.com/watch?v=H0qddKAhSl8
119,https://www.youtube.com/watch?v=trsWjjeVSJM
120,https://www.youtube.com/watch?v=1-7tGdFNKS0
121,https://www.youtube.com/watch?v=SB-sW1WEEsI
122,https://www.youtube.com/watch?v=JyqMeuI3Ovk
123,https://www.youtube.com/watch?v=-Omp-DJdCMs
124,https://www.youtube.com/watch?v=2gJQPw_bBQc
125,https://www.youtube.com/watch?v=zWg3a29D0R0
126,https://www.youtube.com/watch?v=HQDAxekuMG8
127,https://www.youtube.com/watch?v=jXhLUx0Gjeo
128,https://www.youtube.com/watch?v=croRE8ge0io
129,https://www.youtube.com/watch?v=WVopP8J0W_s
130,https://www.youtube.com/watch?v=NkZ7f_OCGOw
131,https://www.youtube.com/watch?v=VSXy0KQ1yS4
132,https://www.youtube.com/watch?v=aErBr7_RFUU
133,https://www.youtube.com/watch?v=HXBGFm54LAQ
134,https://www.youtube.com/watch?v=LhAqxlfT75I
135,https://www.youtube.com/watch?v=XRJ0z77A5Lk
136,https://www.youtube.com/watch?v=wQRJw9AJptY
137,https://www.youtube.com/watch?v=DcAGYSP7BCA
138,https://www.youtube.com/watch?v=8A1LAAUy8gE
139,https://www.youtube.com/watch?v=TRBNgniQD8E
140,https://www.youtube.com/watch?v=yrwbAgIl2uM
141,https://www.youtube.com/watch?v=NW-Vr-Vyk7o
142,https://www.youtube.com/watch?v=55O5IaNc3ag
143,https://www.youtube.com/watch?v=uR3EfO6ZzAk
144,https://www.youtube.com/watch?v=Qt_jl9llaHU
145,https://www.youtube.com/watch?v=Wv6gckt0t3I
146,https://www.youtube.com/watch?v=UIYl_yd4IfM
147,https://www.youtube.com/watch?v=SEUg0Xpz324
148,https://www.youtube.com/watch?v=ZD_GhasOGS4
149,https://www.youtube.com/watch?v=qUuMQVNlA4A
150,https://www.youtube.com/watch?v=deWCd-KYmQ0
151,https://www.youtube.com/watch?v=08ceJUimpRE
152,https://www.youtube.com/watch?v=yl5z4WwiHHc
153,https://www.youtube.com/watch?v=QTzTuWxfecY
154,https://www.youtube.com/watch?v=JaYhygJXN_g
155,https://www.youtube.com/watch?v=nkgqqS0ZOkA
156,https://www.youtube.com/watch?v=svbZbwSuWWM
157,https://www.youtube.com/watch?v=Ir5E2G2-gPw
158,https://www.youtube.com/watch?v=EgBxPDaj0gI
159,https://www.youtube.com/watch?v=0nA7Odt3Dws
160,https://www.youtube.com/watch?v=6_UnOF7s2dE
161,https://www.youtube.com/watch?v=8Ix046rgoAI
162,https://www.youtube.com/watch?v=xIMrYiVwtEQ
163,https://www.youtube.com/watch?v=1l6QoBxbI4M
164,https://www.youtube.com/watch?v=q-XazpL9rN8
165,https://www.youtube.com/watch?v=5b5V4mDthYQ
166,https://www.youtube.com/watch?v=riHhcaqNHDE
167,https://www.youtube.com/watch?v=Wmn1HJ-VT0M
168,https://www.youtube.com/watch?v=FvS-NEEJQI8
169,https://www.youtube.com/watch?v=QX6Y3Tam-3E
170,https://www.youtube.com/watch?v=MDwaclBqxTY
171,https://www.youtube.com/watch?v=KcCOfpu5RQU
172,https://www.youtube.com/watch?v=z5G9NCaCM3I
173,https://www.youtube.com/watch?v=XEqMIiu02FQ
174,https://www.youtube.com/watch?v=3ZymXH65HAg
175,https://www.youtube.com/watch?v=9J3utsvhmIE
176,https://www.youtube.com/watch?v=56N8DZITgN4
177,https://www.youtube.com/watch?v=yeLiFUYx9Sc
178,https://www.youtube.com/watch?v=AHfMCQLJ1eg
179,https://www.youtube.com/watch?v=lENgBS_TjI4
180,https://www.youtube.com/watch?v=Rv1ls3edcow
181,https://www.youtube.com/watch?v=MGrSJm8rK_Q
182,https://www.youtube.com/watch?v=vvxnXBWKfoE
183,https://www.youtube.com/watch?v=w6X3bT6AdC0
184,https://www.youtube.com/watch?v=Qc4XPx-N020
185,https://www.youtube.com/watch?v=RYs1YAMXWXY
186,https://www.youtube.com/watch?v=MFOoha5p-no
187,https://www.youtube.com/watch?v=0sGISeEu3Ic
188,https://www.youtube.com/watch?v=7slMyrmuR7Q
189,https://www.youtube.com/watch?v=oG_FXRMR1vo
190,https://www.youtube.com/watch?v=6ZTsmhDskek
191,https://www.youtube.com/watch?v=n50tRYtgVUw
192,https://www.youtube.com/watch?v=iZQWjVu2BU4
193,https://www.youtube.com/watch?v=ZswYLCXvRBE
194,https://www.youtube.com/watch?v=Hn3BEuMyMpA
195,https://www.youtube.com/watch?v=lmOh8hwF-9s
196,https://www.youtube.com/watch?v=ydX4xQeDPe0
197,https://www.youtube.com/watch?v=v-DpLiA9_C4
198,https://www.youtube.com/watch?v=VJyuk675hHc
199,https://www.youtube.com/watch?v=U9L67jUmaHg
200,https://www.youtube.com/watch?v=J_5-jjS96C8
201,https://www.youtube.com/watch?v=fG5j_ZSUD-4
202,https://www.youtube.com/watch?v=5hyASaZI9HE
203,https://www.youtube.com/watch?v=wY4ngRROZnA
204,https://www.youtube.com/watch?v=qWY6BC_CzNI
205,https://www.youtube.com/watch?v=0Im4TH79lR4
206,https://www.youtube.com/watch?v=3uxFwXIJfQU
207,https://www.youtube.com/watch?v=kafDi2x77vo
208,https://www.youtube.com/watch?v=xmNh7qMJnpo
209,https://www.youtube.com/watch?v=bxL-l6zRrbI
210,https://www.youtube.com/watch?v=gyEj9Kxxyhk
211,https://www.youtube.com/watch?v=jgUHB4zVUDc
212,https://www.youtube.com/watch?v=7_S5pdjbygo
213,https://www.youtube.com/watch?v=S0W36QyD-k8
214,https://www.youtube.com/watch?v=hKFYJnP5VPI
215,https://www.youtube.com/watch?v=qdrxdRBTRJc
216,https://www.youtube.com/watch?v=TBrFx3XC8fc
217,https://www.youtube.com/watch?v=Tyu42dg2uRs
218,https://www.youtube.com/watch?v=VuM6IlcmwdE
219,https://www.youtube.com/watch?v=n_sDSce7oNI
220,https://www.youtube.com/watch?v=x58Gk2-1ZNA
221,https://www.youtube.com/watch?v=X63heosTtGs
222,https://www.youtube.com/watch?v=nN9hJ6Wa1e0
223,https://www.youtube.com/watch?v=w6MB_c6juXI
224,https://www.youtube.com/watch?v=LWhWigNBYrE
225,https://www.youtube.com/watch?v=vAK3gSO6u58
226,https://www.youtube.com/watch?v=nJcJd7p2UmI
227,https://www.youtube.com/watch?v=tMRcFatm6UY
228,https://www.youtube.com/watch?v=D19TKjmwvac
229,https://www.youtube.com/watch?v=hh5D0zFqA58
230,https://www.youtube.com/watch?v=0U6Hfyu-KHM
231,https://www.youtube.com/watch?v=IP_3iIBxCt0
232,https://www.youtube.com/watch?v=rfF2PSu7QWY
233,https://www.youtube.com/watch?v=eI6RW0Pt4T8
234,https://www.youtube.com/watch?v=v_3xOOHeuyI
235,https://www.youtube.com/watch?v=_IQGPlgzAkI
236,https://www.youtube.com/watch?v=AbGcXkvzGY0
237,https://www.youtube.com/watch?v=6SXnkrnAs6w
238,https://www.youtube.com/watch?v=wuAF-Wq4RmE
239,https://www.youtube.com/watch?v=kY4mxN3TvvQ
240,https://www.youtube.com/watch?v=HscLLSLceNU
241,https://www.youtube.com/watch?v=v6-4BFoXKUc
242,https://www.youtube.com/watch?v=sMPez2YC6oE
243,https://www.youtube.com/watch?v=0A2160AWvY0
244,https://www.youtube.com/watch?v=rXDBGykdRFI
245,https://www.youtube.com/watch?v=pYMmLVlodV0
246,https://www.youtube.com/watch?v=9rZPrgf9TJo
247,https://www.youtube.com/watch?v=We3M42PMT78
248,https://www.youtube.com/watch?v=0Ru1NweCavY
249,https://www.youtube.com/watch?v=RlUaJz4SIWo
250,https://www.youtube.com/watch?v=8c5Pl10jyhI
251,https://www.youtube.com/watch?v=Bs5XFV9zzW0
252,https://www.youtube.com/watch?v=AXCCeR7zBYI
253,https://www.youtube.com/watch?v=raYir9TnUP8
254,https://www.youtube.com/watch?v=gt7fv8rTLVU
255,https://www.youtube.com/watch?v=z0JYOvO0SAk
256,https://www.youtube.com/watch?v=zCn9v5B26nE
257,https://www.youtube.com/watch?v=Ged1V_jthis
258,https://www.youtube.com/watch?v=Oj_YXv4VVzQ
259,https://www.youtube.com/watch?v=JWopNhbWNKc
260,https://www.youtube.com/watch?v=OECxwVr-yn8
261,https://www.youtube.com/watch?v=Sl7XObXRr1E
262,https://www.youtube.com/watch?v=exRobIFeguA
263,https://www.youtube.com/watch?v=APMM6tLR2po
264,https://www.youtube.com/watch?v=JuXLs73QXKw
265,https://www.youtube.com/watch?v=PYIyPKq2DPc
266,https://www.youtube.com/watch?v=8VZPDfHHNT4
267,https://www.youtube.com/watch?v=3zy3PXct9EQ
268,https://www.youtube.com/watch?v=VFkY2qoA0pw
269,https://www.youtube.com/watch?v=wzR58uI1lVk
270,https://www.youtube.com/watch?v=WtcHo10NpvA
271,https://www.youtube.com/watch?v=qaDWb8aSxRo
272,https://www.youtube.com/watch?v=U49ra_tm1yE
273,https://www.youtube.com/watch?v=gQ6YYKCs6Y4
274,https://www.youtube.com/watch?v=jxSijrje9UY
275,https://www.youtube.com/watch?v=1nPCLyzc1_s
276,https://www.youtube.com/watch?v=x7lNAamuhLA
277,https://www.youtube.com/watch?v=1k1sLX12vsw
278,https://www.youtube.com/watch?v=kt9Xyt2MkIo
279,https://www.youtube.com/watch?v=FeDp1gOtp4g
280,https://www.youtube.com/watch?v=Q_xyUnPxbKQ
281,https://www.youtube.com/watch?v=HVRrO8sf_l4
282,https://www.youtube.com/watch?v=NMRt1xHiz70
283,https://www.youtube.com/watch?v=UKTEIVN8LaU
284,https://www.youtube.com/watch?v=cBNtxuZ8sng
285,https://www.youtube.com/watch?v=TL-dsj3SGG0
286,https://www.youtube.com/watch?v=aN53IcYSd9k
287,https://www.youtube.com/watch?v=ZljPEy8fPCw
288,https://www.youtube.com/watch?v=OGdTDTjWY_w
289,https://www.youtube.com/watch?v=z6O3fenkxEg
290,https://www.youtube.com/watch?v=537WgzExFVU
291,https://www.youtube.com/watch?v=dwOqpUtWk28
292,https://www.youtube.com/watch?v=q0YFEHZ7_kg
293,https://www.youtube.com/watch?v=s275zDzBqVk
294,https://www.youtube.com/watch?v=Ni-fonQkbuQ
295,https://www.youtube.com/watch?v=3LBGCDdC1Zs
296,https://www.youtube.com/watch?v=snHP0KbYvJk
297,https://www.youtube.com/watch?v=sf8scCdSoRY
298,https://www.youtube.com/watch?v=qIjb98QFeeM
299,https://www.youtube.com/watch?v=cJQlPCiST3Y
300,https://www.youtube.com/watch?v=JK_pnBjKAMM
301,https://www.youtube.com/watch?v=imPq6VB6v9Q
302,https://www.youtube.com/watch?v=rnSx-nO8EYQ
303,https://www.youtube.com/watch?v=_ZmcwvUrAZI
304,https://www.youtube.com/watch?v=sUNKm_ZRnpw
305,https://www.youtube.com/watch?v=b_QCM4wy6YI
306,https://www.youtube.com/watch?v=KKl6et2b740
307,https://www.youtube.com/watch?v=gR42K8kA02c
308,https://www.youtube.com/watch?v=40OPrw8BP1M
309,https://www.youtube.com/watch?v=st0GhJkAMog
310,https://www.youtube.com/watch?v=NhjTOhLEslo
311,https://www.youtube.com/watch?v=d1wmGuoQ4JI
312,https://www.youtube.com/watch?v=GvDas0OS49U
313,https://www.youtube.com/watch?v=kR1_w_Uqfio
314,https://www.youtube.com/watch?v=lS8-qjMQc4E
315,https://www.youtube.com/watch?v=W3LDOe6fi58
316,https://www.youtube.com/watch?v=oarq99DacZc
317,https://www.youtube.com/watch?v=Ilw__lab23M
318,https://www.youtube.com/watch?v=Xo00zSYUKIE
319,https://www.youtube.com/watch?v=hGpa0ATvK-g
320,https://www.youtube.com/watch?v=ayKJDuKJIh4
321,https://www.youtube.com/watch?v=npbFpxsVzoo
322,https://www.youtube.com/watch?v=AAHekwKjh-o
323,https://www.youtube.com/watch?v=dXh6v6E4C5I
324,https://www.youtube.com/watch?v=s09yIU8RexQ
325,https://www.youtube.com/watch?v=vHWy3HyQ7tc
326,https://www.youtube.com/watch?v=mo3a9jp6sNU
327,https://www.youtube.com/watch?v=TiLhFdF_epw
328,https://www.youtube.com/watch?v=MfVL8CoFGfE
329,https://www.youtube.com/watch?v=9FkCD1SdCQ4
330,https://www.youtube.com/watch?v=YfYylkHA4LU
331,https://www.youtube.com/watch?v=teVaR06TGFw
332,https://www.youtube.com/watch?v=vu3hR1ukVcw
333,https://www.youtube.com/watch?v=yEo9oP5BL-Y
334,https://www.youtube.com/watch?v=BaTCvaGp5Tw
335,https://www.youtube.com/watch?v=V-TSSHPC8As
336,https://www.youtube.com/watch?v=9XRxSwakWc8
337,https://www.youtube.com/watch?v=cMAtejkBmV0
338,https://www.youtube.com/watch?v=6XcaLEOvhsQ
339,https://www.youtube.com/watch?v=-v6y4e2Y81U
340,https://www.youtube.com/watch?v=_bZv0swYd2c
341,https://www.youtube.com/watch?v=Da4QA2cx6KM
342,https://www.youtube.com/watch?v=vXOai2w0P0c
343,https://www.youtube.com/watch?v=CJrv4e9nvJM
344,https://www.youtube.com/watch?v=04Ow8j0WipY
345,https://www.youtube.com/watch?v=BfjfOx6mpUo
346,https://www.youtube.com/watch?v=iyZlE_3oRlE
347,https://www.youtube.com/watch?v=TmMUuJqZI5g
348,https://www.youtube.com/watch?v=rJ9GMrz1vAA
349,https://www.youtube.com/watch?v=53CFXuFSVc4
350,https://www.youtube.com/watch?v=xWXduXF7TNI
351,https://www.youtube.com/watch?v=Y4UeQGPW800
352,https://www.youtube.com/watch?v=ORG_Mf9s59M
353,https://www.youtube.com/watch?v=eFt7W3L5MFQ
354,https://www.youtube.com/watch?v=uCWVlXzU7Q4
355,https://www.youtube.com/watch?v=HZdr47pCUAs
356,https://www.youtube.com/watch?v=LmgSnBbNRCg
357,https://www.youtube.com/watch?v=WUJ817VRmVM
358,https://www.youtube.com/watch?v=HMIWjBvpgXc
359,https://www.youtube.com/watch?v=4VzsQASfXGw
360,https://www.youtube.com/watch?v=u2W1iIEJ0L4
361,https://www.youtube.com/watch?v=iHrlx7-fXcg
362,https://www.youtube.com/watch?v=VRswZCwOlMc
363,https://www.youtube.com/watch?v=UHFcx9uWJh0
364,https://www.youtube.com/watch?v=OXO3R8mZVm4
365,https://www.youtube.com/watch?v=rNf8hUAoxG4
366,https://www.youtube.com/watch?v=RShpe_yLV4E
367,https://www.youtube.com/watch?v=tyJi5C-fokY
368,https://www.youtube.com/watch?v=_L_3GdrPrMo
369,https://www.youtube.com/watch?v=mVQOVX0ZWEw
370,https://www.youtube.com/watch?v=lIxHOkXhODc
371,https://www.youtube.com/watch?v=sgBgjZRVIAk
372,https://www.youtube.com/watch?v=Ry76JgTe6E0
373,https://www.youtube.com/watch?v=P7P_vMJFcAU
374,https://www.youtube.com/watch?v=3f26SDyyVa0
375,https://www.youtube.com/watch?v=dntFIw6R9dw
376,https://www.youtube.com/watch?v=Roox_rOxcf4
377,https://www.youtube.com/watch?v=7LQNJPW5ijY
378,https://www.youtube.com/watch?v=ExwiohNro5o
379,https://www.youtube.com/watch?v=XDhkDuD2d6M
380,https://www.youtube.com/watch?v=d_dxrCh46ug
381,https://www.youtube.com/watch?v=5OKR4ftKpMk
382,https://www.youtube.com/watch?v=BXzdiYTbE2o
383,https://www.youtube.com/watch?v=awczaqFkdXQ
384,https://www.youtube.com/watch?v=834w2TUgoFo
385,https://www.youtube.com/watch?v=2-In3cHywxA
386,https://www.youtube.com/watch?v=5ecHgGhREcI
387,https://www.youtube.com/watch?v=AkwHFsmhU9Q
388,https://www.youtube.com/watch?v=YzluRPXUrTQ
389,https://www.youtube.com/watch?v=GIn3b15uUfo
390,https://www.youtube.com/watch?v=h0jlNaUnYMw
391,https://www.youtube.com/watch?v=F-h8NieP8pQ
392,https://www.youtube.com/watch?v=gwBTp1xlRw8
393,https://www.youtube.com/watch?v=jKL1-oiRXV4
394,https://www.youtube.com/watch?v=xfw_YV-iTww
395,https://www.youtube.com/watch?v=luN7tI2q9kc
396,https://www.youtube.com/watch?v=0v2LKbWymOw
397,https://www.youtube.com/watch?v=K5tyOEAKrCs
398,https://www.youtube.com/watch?v=A_Cx2tsuRhE
399,https://www.youtube.com/watch?v=j2vCnLG0Xco
400,https://www.youtube.com/watch?v=OMjIwULbzi8
401,https://www.youtube.com/watch?v=XmKWDeSE1mQ
402,https://www.youtube.com/watch?v=NVj4A-9qo8A
403,https://www.youtube.com/watch?v=25gWvWNZsoA
404,https://www.youtube.com/watch?v=LkuC_N5Zm_A
405,https://www.youtube.com/watch?v=FmsRoYzHdzU
406,https://www.youtube.com/watch?v=HwxnzoHkbKo
407,https://www.youtube.com/watch?v=LI_dJON75Lw
408,https://www.youtube.com/watch?v=_FP_vbJAjzA
409,https://www.youtube.com/watch?v=_vSZUBgvgXs
410,https://www.youtube.com/watch?v=t_r5NdKDFro
411,https://www.youtube.com/watch?v=5OC2y_Q2u-E
412,https://www.youtube.com/watch?v=2f6XyzIoEq0
413,https://www.youtube.com/watch?v=DDlZ6CcSOt0
414,https://www.youtube.com/watch?v=nTEwP-ZX1V0
415,https://www.youtube.com/watch?v=1Bi8JwzPi-g
416,https://www.youtube.com/watch?v=Naq5-oBZtXg
417,https://www.youtube.com/watch?v=t_AxAb0iSEI
418,https://www.youtube.com/watch?v=hs7rk-OJEGw
419,https://www.youtube.com/watch?v=0zffD9KXoMc
420,https://www.youtube.com/watch?v=1_DFqQs9OAc
421,https://www.youtube.com/watch?v=iuTjCIiXz5M
422,https://www.youtube.com/watch?v=ByrmMKmYAJs
423,https://www.youtube.com/watch?v=ADVzg3eKPIM
424,https://www.youtube.com/watch?v=aDyy6J7-zNk
425,https://www.youtube.com/watch?v=F90WYhsd-wQ
426,https://www.youtube.com/watch?v=Tdesn9xxdvo
427,https://www.youtube.com/watch?v=ewnbq5AKHMs
428,https://www.youtube.com/watch?v=w200n3cC7GA
429,https://www.youtube.com/watch?v=Mdmh3bkKP-s
430,https://www.youtube.com/watch?v=lZjfSg5CCS8
431,https://www.youtube.com/watch?v=AIxM798TWtA
432,https://www.youtube.com/watch?v=ir2sEhN69sM
433,https://www.youtube.com/watch?v=HBAEhOuQg7U
434,https://www.youtube.com/watch?v=vO3GlheqMfY
435,https://www.youtube.com/watch?v=ZEHezafRlx0
436,https://www.youtube.com/watch?v=tJoG3mroSjQ
437,https://www.youtube.com/watch?v=92He_Qp00m0
438,https://www.youtube.com/watch?v=lyNIpXdnmys
439,https://www.youtube.com/watch?v=IDUcYPDPHMc
440,https://www.youtube.com/watch?v=JfTwKJYEbZE
441,https://www.youtube.com/watch?v=7E3ZkNpHluI
442,https://www.youtube.com/watch?v=ftkfiA-cwek
443,https://www.youtube.com/watch?v=jjn1WWHYt8U
444,https://www.youtube.com/watch?v=dUnv70A5O_8
445,https://www.youtube.com/watch?v=5EAwD9btQUw
446,https://www.youtube.com/watch?v=EHYUSyV9Rrw
447,https://www.youtube.com/watch?v=KI-VuShnzKs
448,https://www.youtube.com/watch?v=wSICgDTq0mM
449,https://www.youtube.com/watch?v=vljMZPc2LrU
450,https://www.youtube.com/watch?v=bYlxv1AThmk
451,https://www.youtube.com/watch?v=xfgRLrOEODs
452,https://www.youtube.com/watch?v=pX-rKZDKQ3k
453,https://www.youtube.com/watch?v=5Rs30qNvPwg
454,https://www.youtube.com/watch?v=Y65nvSj1QJU
455,https://www.youtube.com/watch?v=AGC7faqc0IM
456,https://www.youtube.com/watch?v=1G8iQ5MLYr8
457,https://www.youtube.com/watch?v=T-Ecj2F02rk
458,https://www.youtube.com/watch?v=V38C7erCAko
459,https://www.youtube.com/watch?v=qv8e8dqfA9M
460,https://www.youtube.com/watch?v=2kqZENrF5Bk
461,https://www.youtube.com/watch?v=_0xyZtMd_mI
462,https://www.youtube.com/watch?v=UEn-jdj6aRk
463,https://www.youtube.com/watch?v=gl0W2H6-sAM
464,https://www.youtube.com/watch?v=r2fopojXEt4
465,https://www.youtube.com/watch?v=jOq-d2rUKIA
466,https://www.youtube.com/watch?v=CKGowyEzYuU
467,https://www.youtube.com/watch?v=gUOJeOHZ0zA
468,https://www.youtube.com/watch?v=2u_QLk1p2b8
469,https://www.youtube.com/watch?v=wHOL4qzzvBY
470,https://www.youtube.com/watch?v=6O5hLea52AA
471,https://www.youtube.com/watch?v=OPEjbRmNFn4
472,https://www.youtube.com/watch?v=MHFOmO_lCuA
473,https://www.youtube.com/watch?v=ddz2vn5uhGs
474,https://www.youtube.com/watch?v=b7M-6jszmBo
475,https://www.youtube.com/watch?v=pXxWTXUwJbM
476,https://www.youtube.com/watch?v=ftDhsD1_Ot4
477,https://www.youtube.com/watch?v=vBir0DlAhTQ
478,https://www.youtube.com/watch?v=h5WypTrNvAQ
479,https://www.youtube.com/watch?v=H4BPZRjIehM
480,https://www.youtube.com/watch?v=KJVHLzxS3Qw
481,https://www.youtube.com/watch?v=MyPcoZkpoA4
482,https://www.youtube.com/watch?v=QKarNI5Cg0U
483,https://www.youtube.com/watch?v=GawUjAi9XG8
484,https://www.youtube.com/watch?v=_rlY3MYOitc
485,https://www.youtube.com/watch?v=pZfhoZz61DA
486,https://www.youtube.com/watch?v=E6p4zLzShlc
487,https://www.youtube.com/watch?v=3851mCHlRbs
488,https://www.youtube.com/watch?v=C89wjyXzXhs
489,https://www.youtube.com/watch?v=imPjINKbrnw
490,https://www.youtube.com/watch?v=GqtPFQUfR-A
491,https://www.youtube.com/watch?v=GMU2d3W73N0
492,https://www.youtube.com/watch?v=-XOHM7xGUFo
493,https://www.youtube.com/watch?v=VXmyI2P7EQU
494,https://www.youtube.com/watch?v=2aUoLXUIyGQ
495,https://www.youtube.com/watch?v=dWkmvgMOmo4
496,https://www.youtube.com/watch?v=C8eySopog0s
497,https://www.youtube.com/watch?v=zi1XtgaX1Wg
498,https://www.youtube.com/watch?v=7SsV9ziPKZg
499,https://www.youtube.com/watch?v=KrwiQfWS9ww
500,https://www.youtube.com/watch?v=hiktzq7uNy4
501,https://www.youtube.com/watch?v=IIZCiPsm9Jw
502,https://www.youtube.com/watch?v=jEfSUQaqnis
503,https://www.youtube.com/watch?v=B8-816LH5TQ
504,https://www.youtube.com/watch?v=nr2M1U4jRP0
505,https://www.youtube.com/watch?v=dhdzWr5znyI
506,https://www.youtube.com/watch?v=3lUHXc1_6oE
507,https://www.youtube.com/watch?v=5gUN0qW9sis
508,https://www.youtube.com/watch?v=StSfyG3RqBU
509,https://www.youtube.com/watch?v=UY5eLyLzggc
510,https://www.youtube.com/watch?v=Yn4Jr8_om1I
511,https://www.youtube.com/watch?v=cVrSw7i8BM4
512,https://www.youtube.com/watch?v=Ze4B6Qh6fOo
513,https://www.youtube.com/watch?v=gFhJ3yqOKps
514,https://www.youtube.com/watch?v=XjaDVUaoJWE
515,https://www.youtube.com/watch?v=gfd0tyZYuzw
516,https://www.youtube.com/watch?v=hn51lm2gROg
517,https://www.youtube.com/watch?v=eEGydHt21sI
518,https://www.youtube.com/watch?v=km72kBk-7d8
519,https://www.youtube.com/watch?v=Qbkdwj5D1Ns
520,https://www.youtube.com/watch?v=8wfB0fWmGQ0
521,https://www.youtube.com/watch?v=-zC67t1Ygrs
522,https://www.youtube.com/watch?v=jVgsXSijdcQ
523,https://www.youtube.com/watch?v=rwbbigkvDIk
524,https://www.youtube.com/watch?v=zuPcYLYZERc
525,https://www.youtube.com/watch?v=XliieUYjxG8
526,https://www.youtube.com/watch?v=pDIS-NE3GaY
527,https://www.youtube.com/watch?v=_MVPO5YCE5w
528,https://www.youtube.com/watch?v=sRog5dZ_U9g
529,https://www.youtube.com/watch?v=OF84VJ90vf8
530,https://www.youtube.com/watch?v=BNjSoI_oc8w
531,https://www.youtube.com/watch?v=hkLXMQleuEk
532,https://www.youtube.com/watch?v=TS40AL2ZN-4
533,https://www.youtube.com/watch?v=0OxU7D3LrZE
534,https://www.youtube.com/watch?v=vV6rlEfVzuI
535,https://www.youtube.com/watch?v=yL_6X77ggQk
536,https://www.youtube.com/watch?v=Ie1hrXep7Yc
537,https://www.youtube.com/watch?v=1X0UjZvqhEo
538,https://www.youtube.com/watch?v=_fOf6pIsQzI
539,https://www.youtube.com/watch?v=wX_tN2eX2-w
540,https://www.youtube.com/watch?v=LpKfREyR9XQ
541,https://www.youtube.com/watch?v=5JBo43gGcRY
542,https://www.youtube.com/watch?v=axJODcnOJd0
543,https://www.youtube.com/watch?v=w36EtcfOfRQ
544,https://www.youtube.com/watch?v=yQO3hCvjK8g
545,https://www.youtube.com/watch?v=UcdX7dNMH0g
546,https://www.youtube.com/watch?v=biFiRQ1LW6g
547,https://www.youtube.com/watch?v=cGY59oz1rgA
548,https://www.youtube.com/watch?v=svveIt-gK9Q
549,https://www.youtube.com/watch?v=pQxNTtcXmMg
550,https://www.youtube.com/watch?v=F5f5naoMNFs
551,https://www.youtube.com/watch?v=digaqvsxeg0
552,https://www.youtube.com/watch?v=Xj-N9NS0XhQ
553,https://www.youtube.com/watch?v=ZzCo0TZbYYU
554,https://www.youtube.com/watch?v=O1Kd81YsLcY
555,https://www.youtube.com/watch?v=xHxgP4s6buw
556,https://www.youtube.com/watch?v=Cy56dExPCjk
557,https://www.youtube.com/watch?v=2B7UrviP-XI
558,https://www.youtube.com/watch?v=XjZkmEAgUpM
559,https://www.youtube.com/watch?v=P1p_8wmEKak
560,https://www.youtube.com/watch?v=mQdCLHYXktc
561,https://www.youtube.com/watch?v=id5gY-J8t7c
562,https://www.youtube.com/watch?v=RndsOXCpzt4
563,https://www.youtube.com/watch?v=yf6Q09KdO5Q
564,https://www.youtube.com/watch?v=uWzJDorNu2o
565,https://www.youtube.com/watch?v=9WNyMY6vTlE
566,https://www.youtube.com/watch?v=Yr_qgGDZ2VM
567,https://www.youtube.com/watch?v=1zdKgsFQfME
568,https://www.youtube.com/watch?v=3lKCshFRoaM
569,https://www.youtube.com/watch?v=XdoGmNIwYmc
570,https://www.youtube.com/watch?v=dsB8nQNIQpk
571,https://www.youtube.com/watch?v=5mf4B1ylHLo
572,https://www.youtube.com/watch?v=xC-bEmkDLLg
573,https://www.youtube.com/watch?v=JoNW9OtoHm0
574,https://www.youtube.com/watch?v=_r1vliW9Wug
575,https://www.youtube.com/watch?v=1_sz5iQKJ3s
576,https://www.youtube.com/watch?v=MR0AxYSn_cs
577,https://www.youtube.com/watch?v=YTUg-IKo_Bw
578,https://www.youtube.com/watch?v=bBCJf039XYs
579,https://www.youtube.com/watch?v=v8zcLWKJIpo
580,https://www.youtube.com/watch?v=FO7T1h4TOzE
581,https://www.youtube.com/watch?v=iO_zszfRhJY
582,https://www.youtube.com/watch?v=LcS2kyoHLp8
583,https://www.youtube.com/watch?v=QJslPSTpGLQ
584,https://www.youtube.com/watch?v=mTmgtE21LcY
585,https://www.youtube.com/watch?v=ahpXapbTOxo
586,https://www.youtube.com/watch?v=6YR_Kz9A0Wk
587,https://www.youtube.com/watch?v=ToTcB870PPs
588,https://www.youtube.com/watch?v=f27iowX7mmQ
589,https://www.youtube.com/watch?v=zDXL8mh_YPU
590,https://www.youtube.com/watch?v=wB7DKzkALn0
591,https://www.youtube.com/watch?v=CXROIQgwyLU
592,https://www.youtube.com/watch?v=rqquTaeh8Js
593,https://www.youtube.com/watch?v=jEKM3t2714I
594,https://www.youtube.com/watch?v=FWXN8gm-pLs
595,https://www.youtube.com/watch?v=6j3Spszj7ZA
596,https://www.youtube.com/watch?v=18_G4WKVvTA
597,https://www.youtube.com/watch?v=b_tVWLc0h7o
598,https://www.youtube.com/watch?v=JDrUZ-F8m24
599,https://www.youtube.com/watch?v=n197f9hedmY
600,https://www.youtube.com/watch?v=lJ0qYaFZjcs
601,https://www.youtube.com/watch?v=e9Ix-Mqi6_E
602,https://www.youtube.com/watch?v=2WXlB2Angas
603,https://www.youtube.com/watch?v=BdGJEdeB7iI
604,https://www.youtube.com/watch?v=1VwvrGRUsKQ
605,https://www.youtube.com/watch?v=WNLLlvji6K0
606,https://www.youtube.com/watch?v=-ayPz4tzQPA
607,https://www.youtube.com/watch?v=js4leplxc3k
608,https://www.youtube.com/watch?v=0uLsd5S1I0E
609,https://www.youtube.com/watch?v=AkPpHnMzQMk
610,https://www.youtube.com/watch?v=W8ShOC_JQFk
611,https://www.youtube.com/watch?v=pzLc5J9CrP0
612,https://www.youtube.com/watch?v=3J_7BsQaijA
613,https://www.youtube.com/watch?v=4wXbuFimHCc
614,https://www.youtube.com/watch?v=XpselY93q_w
615,https://www.youtube.com/watch?v=4lG3JvU-6k8
616,https://www.youtube.com/watch?v=ZAcCwtlHdVM
617,https://www.youtube.com/watch?v=5rvsb3KVFjk
618,https://www.youtube.com/watch?v=_l8YLVoOTsI
619,https://www.youtube.com/watch?v=QxuKDNqjtWA
620,https://www.youtube.com/watch?v=TYRCqDjIrds
621,https://www.youtube.com/watch?v=zFdrxehp6RY
622,https://www.youtube.com/watch?v=Lo-yU3EsEdE
623,https://www.youtube.com/watch?v=wbc17oBw9Kk
624,https://www.youtube.com/watch?v=cT47DEhCAh8
625,https://www.youtube.com/watch?v=dNHAbuitTHA
626,https://www.youtube.com/watch?v=eZvpts-8GCg
627,https://www.youtube.com/watch?v=v1nMsNuma8U
628,https://www.youtube.com/watch?v=Vgno7LuaRe8
629,https://www.youtube.com/watch?v=OGhl8UFuGAQ
630,https://www.youtube.com/watch?v=v6E8Ax3kFA8
631,https://www.youtube.com/watch?v=INVMjbWfQbY
632,https://www.youtube.com/watch?v=-9zXVvsSTXA
633,https://www.youtube.com/watch?v=X3MYTVwlIhM
634,https://www.youtube.com/watch?v=hbDBo931Wfo
635,https://www.youtube.com/watch?v=vbI-z3aMmrk
636,https://www.youtube.com/watch?v=VYKiG0C0dDg
637,https://www.youtube.com/watch?v=T7EG3ABIR0A
638,https://www.youtube.com/watch?v=2_wF73zABUM
639,https://www.youtube.com/watch?v=5YOXvDoH_FU
640,https://www.youtube.com/watch?v=Vr0p5tfT5Ew
641,https://www.youtube.com/watch?v=r_Qphw1Gby0
642,https://www.youtube.com/watch?v=Y3MzNHSz2IQ
643,https://www.youtube.com/watch?v=X0-9hffO85s
644,https://www.youtube.com/watch?v=o5y3f0PODWI
645,https://www.youtube.com/watch?v=XlTq7sZa-Cw
646,https://www.youtube.com/watch?v=Z6oD2yCjeYA
647,https://www.youtube.com/watch?v=LA4ck0KTKXE
648,https://www.youtube.com/watch?v=5KR6B30wUMA
649,https://www.youtube.com/watch?v=ZBjnxttcX8c
650,https://www.youtube.com/watch?v=1GsDJmYGMwM
651,https://www.youtube.com/watch?v=ArVdsf8oJVU
652,https://www.youtube.com/watch?v=u_stEzW6aFk
653,https://www.youtube.com/watch?v=VCnxdg4AV14
654,https://www.youtube.com/watch?v=51A2dd5nJvk
655,https://www.youtube.com/watch?v=UnWLvN-kvT4
656,https://www.youtube.com/watch?v=UuS5zlUufYY
657,https://www.youtube.com/watch?v=ffBBiyZdAKc
658,https://www.youtube.com/watch?v=ctygLJXPIvw
659,https://www.youtube.com/watch?v=mZA8wCCFJq8
660,https://www.youtube.com/watch?v=hxPfsaX4dOk
661,https://www.youtube.com/watch?v=8EJIYqkAp2I
662,https://www.youtube.com/watch?v=zdyjlLZM4t0
663,https://www.youtube.com/watch?v=6sg7kMhX4ac
664,https://www.youtube.com/watch?v=3P3PcFUhlKc
665,https://www.youtube.com/watch?v=Df2zaXudBeE
666,https://www.youtube.com/watch?v=5Mq-MXfRKbw
667,https://www.youtube.com/watch?v=Rgv7XG1-Fd4
668,https://www.youtube.com/watch?v=_1lzt3stStY
669,https://www.youtube.com/watch?v=rZTMdhsTGDw
670,https://www.youtube.com/watch?v=tASh4gTiMf0
671,https://www.youtube.com/watch?v=-lBvp1zNBzs
672,https://www.youtube.com/watch?v=GMWXIi-ZeJY
673,https://www.youtube.com/watch?v=6LbOaSBzKHw
674,https://www.youtube.com/watch?v=EfM7G9x0Sds
675,https://www.youtube.com/watch?v=hGC8q09u6BE
676,https://www.youtube.com/watch?v=VORemsz09Dk
677,https://www.youtube.com/watch?v=IMCqri23ivE
678,https://www.youtube.com/watch?v=dg8nR7-aHng
679,https://www.youtube.com/watch?v=BRyAfMUyNM0
680,https://www.youtube.com/watch?v=hu4YbDuLagI
681,https://www.youtube.com/watch?v=-ycmkEK8_uk
682,https://www.youtube.com/watch?v=Vyj3RTzLT1A
683,https://www.youtube.com/watch?v=2eocU1EVUzU
684,https://www.youtube.com/watch?v=XEFKJBQCXII
685,https://www.youtube.com/watch?v=bkQBVDMRXrk
686,https://www.youtube.com/watch?v=GGW9ULF_6Dg
687,https://www.youtube.com/watch?v=a-SJxN8NG8k
688,https://www.youtube.com/watch?v=QqAhxex5o3I
689,https://www.youtube.com/watch?v=QAx3rWVi9uY
690,https://www.youtube.com/watch?v=7TEgB8ryCqg
691,https://www.youtube.com/watch?v=lMFjwk0GrrY
692,https://www.youtube.com/watch?v=RfYikgB8kLA
693,https://www.youtube.com/watch?v=yg7uV5bGj1Y
694,https://www.youtube.com/watch?v=in95xvye6Kc
695,https://www.youtube.com/watch?v=u2TwkYx6IHk
696,https://www.youtube.com/watch?v=vVAhKaOvSqs
697,https://www.youtube.com/watch?v=Kb_jHVGWPJk
698,https://www.youtube.com/watch?v=cub2T1g_yXw
699,https://www.youtube.com/watch?v=CJgj24xhQFo
700,https://www.youtube.com/watch?v=PLZSmvqEsCE
701,https://www.youtube.com/watch?v=GwcDETat7GU
702,https://www.youtube.com/watch?v=xO7SmNUboKY
703,https://www.youtube.com/watch?v=vmT-GtvHt5s
704,https://www.youtube.com/watch?v=HAR9LDHzzzo
705,https://www.youtube.com/watch?v=AZ9C2MW7fjI
706,https://www.youtube.com/watch?v=i9vyBK4I99I
707,https://www.youtube.com/watch?v=l5tCiZPgh44
708,https://www.youtube.com/watch?v=VDETPN4UD4I
709,https://www.youtube.com/watch?v=x72d2xKDylU
710,https://www.youtube.com/watch?v=4aoZcZrZkIA
711,https://www.youtube.com/watch?v=kWWMYVBavdM
712,https://www.youtube.com/watch?v=89X7HbbB9Os
713,https://www.youtube.com/watch?v=7sgvHoWPnCQ
714,https://www.youtube.com/watch?v=Gfz6Dw40kWI
715,https://www.youtube.com/watch?v=9kKw7FcSIO0
716,https://www.youtube.com/watch?v=MTwYjdGwE7Y
717,https://www.youtube.com/watch?v=H28gZQYjg3w
718,https://www.youtube.com/watch?v=9-57ik_QVN0
719,https://www.youtube.com/watch?v=pa7jH6PTzWw
720,https://www.youtube.com/watch?v=gINF937yoUU
721,https://www.youtube.com/watch?v=flJTCqMeYb8
722,https://www.youtube.com/watch?v=tV_j7zi1hPE
723,https://www.youtube.com/watch?v=b7257yRdZ0s
724,https://www.youtube.com/watch?v=_DV9oRyXmPM
725,https://www.youtube.com/watch?v=kUCdVZ4x-uc
726,https://www.youtube.com/watch?v=qE0qm8h2UdQ
727,https://www.youtube.com/watch?v=fP_ozkhEihY
728,https://www.youtube.com/watch?v=1R6AdlO9wWA
729,https://www.youtube.com/watch?v=6KCdrscdGls
730,https://www.youtube.com/watch?v=jMp0qYLLfGI
731,https://www.youtube.com/watch?v=NK_clSBReP4
732,https://www.youtube.com/watch?v=nAV2YVbBaIs
733,https://www.youtube.com/watch?v=8KfEOC83lZ0
734,https://www.youtube.com/watch?v=7opKEGVOM6Q
735,https://www.youtube.com/watch?v=MgqyopD5364
736,https://www.youtube.com/watch?v=b1Lt5mt36Go
737,https://www.youtube.com/watch?v=UCAkF3BoDjA
738,https://www.youtube.com/watch?v=70cuHywjqiY
739,https://www.youtube.com/watch?v=5Ub2RmMJMKY
740,https://www.youtube.com/watch?v=Gq5bE5IFa78
741,https://www.youtube.com/watch?v=lwv5H8ZoVgc
742,https://www.youtube.com/watch?v=yryqoL71HP4
743,https://www.youtube.com/watch?v=wrR_P-CjC70
744,https://www.youtube.com/watch?v=vMFQbpKiDKA
745,https://www.youtube.com/watch?v=RrsWMaEWx2E
746,https://www.youtube.com/watch?v=c-ZY5LUyuLA
747,https://www.youtube.com/watch?v=eSMP9LGdbtg
748,https://www.youtube.com/watch?v=dWYNrxyyV8w
749,https://www.youtube.com/watch?v=leTeP-2io5Y
750,https://www.youtube.com/watch?v=jf804mDsuCI
751,https://www.youtube.com/watch?v=T8Qk-OdsIUg
752,https://www.youtube.com/watch?v=NjB4W9t5564
753,https://www.youtube.com/watch?v=cKin6PHiVnQ
754,https://www.youtube.com/watch?v=Z9qB9GEqtd8
755,https://www.youtube.com/watch?v=l7IB1O2p0js
756,https://www.youtube.com/watch?v=pI5uPGyv0yw
757,https://www.youtube.com/watch?v=Tzbd5vM5WLo
758,https://www.youtube.com/watch?v=biwiqFmzkfc
759,https://www.youtube.com/watch?v=WheYuZtrDXo
760,https://www.youtube.com/watch?v=1HRfm7HG4HY
761,https://www.youtube.com/watch?v=TFKgDmkunoI
762,https://www.youtube.com/watch?v=GS2HoFe5n_Q
763,https://www.youtube.com/watch?v=yMFk9QQQ2J8
764,https://www.youtube.com/watch?v=yL474NLZWGk
765,https://www.youtube.com/watch?v=891TciPpQSI
766,https://www.youtube.com/watch?v=_dI-Uy-Ky8s
767,https://www.youtube.com/watch?v=S2mSEOoV4TY
768,https://www.youtube.com/watch?v=gynsffWDsSU
769,https://www.youtube.com/watch?v=JtLMgu3u6MA
770,https://www.youtube.com/watch?v=SYTYP8GJa6M
771,https://www.youtube.com/watch?v=uxA3z-nEGE0
772,https://www.youtube.com/watch?v=FJPufyMU8gU
773,https://www.youtube.com/watch?v=LtkNPT7JkII
774,https://www.youtube.com/watch?v=sVbPaHlsdYs
775,https://www.youtube.com/watch?v=cJLXVwKPuqg
776,https://www.youtube.com/watch?v=Tl4vsV8TKfU
777,https://www.youtube.com/watch?v=of65YId8b5Y
778,https://www.youtube.com/watch?v=1qvYtZfeHCI
779,https://www.youtube.com/watch?v=quhvVZx10XY
780,https://www.youtube.com/watch?v=fvmL2JkD7bU
781,https://www.youtube.com/watch?v=r95yV9z0738
782,https://www.youtube.com/watch?v=vhSZ7phdG6g
783,https://www.youtube.com/watch?v=MVzCVhp1NjE
784,https://www.youtube.com/watch?v=5-rvqxOLHxg
785,https://www.youtube.com/watch?v=-pCkH_3-maY
786,https://www.youtube.com/watch?v=IQQzlfCgq4Q
787,https://www.youtube.com/watch?v=YyFqByrDVFI
788,https://www.youtube.com/watch?v=HG7FFXOigh8
789,https://www.youtube.com/watch?v=omQ31VhbT3I
790,https://www.youtube.com/watch?v=TYYbwoydH4M
791,https://www.youtube.com/watch?v=jII74g-TxlM
792,https://www.youtube.com/watch?v=L8-8gUwHKgg
793,https://www.youtube.com/watch?v=YbhyyJYDZtU
794,https://www.youtube.com/watch?v=5medYtA7VXE
795,https://www.youtube.com/watch?v=KYtclrg7etU
796,https://www.youtube.com/watch?v=ljGFknMQMOs
797,https://www.youtube.com/watch?v=wNKORxPwdE4
798,https://www.youtube.com/watch?v=-8y70NAmAgw
799,https://www.youtube.com/watch?v=0n8eyhGmXSE
800,https://www.youtube.com/watch?v=0o-XhOP5SrI
801,https://www.youtube.com/watch?v=8GkqXwgtpVE
802,https://www.youtube.com/watch?v=qnNmC8_shkU
803,https://www.youtube.com/watch?v=-ct2ZD4QV64
804,https://www.youtube.com/watch?v=UAV61sEye5g
805,https://www.youtube.com/watch?v=wWsQA50oTO0
806,https://www.youtube.com/watch?v=hnc-QlYBiFs
807,https://www.youtube.com/watch?v=T-51meLK_Ek
808,https://www.youtube.com/watch?v=Ga9L9mfvklw
809,https://www.youtube.com/watch?v=7STBBkXia5A
810,https://www.youtube.com/watch?v=dWjYebu6i38
811,https://www.youtube.com/watch?v=XZNfgSx-628
812,https://www.youtube.com/watch?v=9M8oam1k6Zg
813,https://www.youtube.com/watch?v=1s4Z60nKJkE
814,https://www.youtube.com/watch?v=n1LgLIL0Uac
815,https://www.youtube.com/watch?v=mtEmYsIO2lg
816,https://www.youtube.com/watch?v=gtRPnuOdYlk
817,https://www.youtube.com/watch?v=HF8KBldD35s
818,https://www.youtube.com/watch?v=LfI27VMiOI4
819,https://www.youtube.com/watch?v=J0_fVITHnaM
820,https://www.youtube.com/watch?v=OHCbF7JLgWw
821,https://www.youtube.com/watch?v=mi4-7N8JAhM
822,https://www.youtube.com/watch?v=0xG8_dUkWFs
823,https://www.youtube.com/watch?v=4ctXV4huAQs
824,https://www.youtube.com/watch?v=mGQvZ3IzimM
825,https://www.youtube.com/watch?v=SOXRUzUIrO4
826,https://www.youtube.com/watch?v=faHPpPJZ5Oo
827,https://www.youtube.com/watch?v=2qNZncGAkKk
828,https://www.youtube.com/watch?v=vjH3d5HgKcw
829,https://www.youtube.com/watch?v=qoUV3xNgLMM
830,https://www.youtube.com/watch?v=3DAkBe9GaVU
831,https://www.youtube.com/watch?v=UGWyG_GWZlk
832,https://www.youtube.com/watch?v=wNg20cb-hsE
833,https://www.youtube.com/watch?v=-H9peC4vFLI
834,https://www.youtube.com/watch?v=mn3BLqGdWrk
835,https://www.youtube.com/watch?v=G1ZaIXdRYms
836,https://www.youtube.com/watch?v=e8HuYbh7RWg
837,https://www.youtube.com/watch?v=0q_x7nPSQu8
838,https://www.youtube.com/watch?v=Hzt9OYc05WU
839,https://www.youtube.com/watch?v=AhW1MKPMI1E
840,https://www.youtube.com/watch?v=7pQAuAkp2N0
841,https://www.youtube.com/watch?v=yMnodxMN6e0
842,https://www.youtube.com/watch?v=e-coBJhJIUc
843,https://www.youtube.com/watch?v=97dRNsXS44M
844,https://www.youtube.com/watch?v=f0FVLkYza_A
845,https://www.youtube.com/watch?v=bCxdVE-GNtQ
846,https://www.youtube.com/watch?v=iXQ4S2OZv1g
847,https://www.youtube.com/watch?v=hWH9GP_L3eo
848,https://www.youtube.com/watch?v=-bqCrgcJjcU
849,https://www.youtube.com/watch?v=moNQZI4QpGU
850,https://www.youtube.com/watch?v=sY1Ae3G7NdA
851,https://www.youtube.com/watch?v=DM8iigMJIU0
852,https://www.youtube.com/watch?v=rd6flIy4kEg
853,https://www.youtube.com/watch?v=7pqD7hl7J7c
854,https://www.youtube.com/watch?v=8aEdlZaAsiw
855,https://www.youtube.com/watch?v=gJhfL2V1-KU
856,https://www.youtube.com/watch?v=rW3KKC3iQXE
857,https://www.youtube.com/watch?v=wZRJPGWZuMY
858,https://www.youtube.com/watch?v=VdY2iE0DG28
859,https://www.youtube.com/watch?v=FUIPtyyBT24
860,https://www.youtube.com/watch?v=rERf1-Ek9wY
861,https://www.youtube.com/watch?v=9Ruv3ys1wyI
862,https://www.youtube.com/watch?v=Flsmt-3NzuI
863,https://www.youtube.com/watch?v=p0UOJ_0q10k
864,https://www.youtube.com/watch?v=ArCsh3FFoLc
865,https://www.youtube.com/watch?v=EWUR0n5WrZ8
866,https://www.youtube.com/watch?v=C1Hj01OMb0E
867,https://www.youtube.com/watch?v=ul-5_sO1HQ8
868,https://www.youtube.com/watch?v=UVwDXUFdHWQ
869,https://www.youtube.com/watch?v=p1MpBa8LV6E
870,https://www.youtube.com/watch?v=ROW8IAAF8V0
871,https://www.youtube.com/watch?v=Rkl9kMsf0HI
872,https://www.youtube.com/watch?v=yuNHel0chZU
873,https://www.youtube.com/watch?v=6q8jZWt3ezw
874,https://www.youtube.com/watch?v=EawLLZEF19Q
875,https://www.youtube.com/watch?v=LHq_FFhIC6k
876,https://www.youtube.com/watch?v=_bhCaVj7X8I
877,https://www.youtube.com/watch?v=rFqcyP9bKEA
878,https://www.youtube.com/watch?v=pnlxlTzpJvY
879,https://www.youtube.com/watch?v=3-Tu3Y1CWy8
880,https://www.youtube.com/watch?v=ewiB2F8Frb4
881,https://www.youtube.com/watch?v=jpvJwm4RbwU
882,https://www.youtube.com/watch?v=_KjWK6R_BpE
883,https://www.youtube.com/watch?v=SCLZQYXBkAQ
884,https://www.youtube.com/watch?v=MrJzAHGAEwQ
885,https://www.youtube.com/watch?v=HzPHv1JaN8U
886,https://www.youtube.com/watch?v=A8gNS3qTun8
887,https://www.youtube.com/watch?v=6q_yrIFKX_g
888,https://www.youtube.com/watch?v=W-tR7Br_Q80
889,https://www.youtube.com/watch?v=WctuAEclpkU
890,https://www.youtube.com/watch?v=kNU43blY2zA
891,https://www.youtube.com/watch?v=1qBCnNKmoJ4
892,https://www.youtube.com/watch?v=RHgp_MXn6Nk
893,https://www.youtube.com/watch?v=jdm9myQCH_4
894,https://www.youtube.com/watch?v=iJA_kY3f9LM
895,https://www.youtube.com/watch?v=-38Vzd3UAGA
896,https://www.youtube.com/watch?v=3ufrxTBzTO8
897,https://www.youtube.com/watch?v=LUBm4rip8fg
898,https://www.youtube.com/watch?v=0m3s03rglTY
899,https://www.youtube.com/watch?v=oyyYHWJDO18
900,https://www.youtube.com/watch?v=I4NhUz6lhbg
901,https://www.youtube.com/watch?v=2wLgwzCUzsw
902,https://www.youtube.com/watch?v=nOh0rVcg8MA
903,https://www.youtube.com/watch?v=94ow9P493g8
904,https://www.youtube.com/watch?v=_14ICDorSsw
905,https://www.youtube.com/watch?v=mBwE-lmMF1w
906,https://www.youtube.com/watch?v=LKmfvhoqFDA
907,https://www.youtube.com/watch?v=bdE2TZSL4g0
908,https://www.youtube.com/watch?v=R0vQD72F7Po
909,https://www.youtube.com/watch?v=x1sqNyEG4y4
910,https://www.youtube.com/watch?v=lB6OeqPKBEk
911,https://www.youtube.com/watch?v=GYLigoGrsOs
912,https://www.youtube.com/watch?v=dKP_j0xhym4
913,https://www.youtube.com/watch?v=voBvHInXJUk
914,https://www.youtube.com/watch?v=MPtrMMaJfpA
915,https://www.youtube.com/watch?v=ZPgoyFv1VV8
916,https://www.youtube.com/watch?v=aZb-oEW42bQ
917,https://www.youtube.com/watch?v=VHX5bTy5ywk
918,https://www.youtube.com/watch?v=ytY2DoXUknk
919,https://www.youtube.com/watch?v=S0c76lMx8dc
920,https://www.youtube.com/watch?v=VEYwfyEQitI
921,https://www.youtube.com/watch?v=71fiL9maNQ8
922,https://www.youtube.com/watch?v=gT6z6KL5EFk
923,https://www.youtube.com/watch?v=1vuDLDI-L94
924,https://www.youtube.com/watch?v=YuTuVogukmI
925,https://www.youtube.com/watch?v=iQw6hRDH0Hw
926,https://www.youtube.com/watch?v=evfQ8dLzLzE
927,https://www.youtube.com/watch?v=CCqbo_EpvrA
928,https://www.youtube.com/watch?v=kuTAlR93zoE
929,https://www.youtube.com/watch?v=XRjgnU_NNOE
930,https://www.youtube.com/watch?v=-U25fwo_RlY
931,https://www.youtube.com/watch?v=eawzSTFau3c
932,https://www.youtube.com/watch?v=Tm2ogpymjiU
933,https://www.youtube.com/watch?v=_gQ7bq1pc_Q
934,https://www.youtube.com/watch?v=lFRS6F6Ttes
935,https://www.youtube.com/watch?v=qSreL-oR6GA
936,https://www.youtube.com/watch?v=bczGeiMafHo
937,https://www.youtube.com/watch?v=FEbOLYLj0cQ
938,https://www.youtube.com/watch?v=zYjUlfTLykc
939,https://www.youtube.com/watch?v=ib-7Nr-oa-I
940,https://www.youtube.com/watch?v=jCsLC6yDwXI
941,https://www.youtube.com/watch?v=h1J_FXUuAxI
942,https://www.youtube.com/watch?v=XW00GliIzIM
943,https://www.youtube.com/watch?v=Y9XxV-O4K7I
944,https://www.youtube.com/watch?v=t_7xScsiSyw
945,https://www.youtube.com/watch?v=64UVSoogpt8
946,https://www.youtube.com/watch?v=UnS4MGu2Dgo
947,https://www.youtube.com/watch?v=GpE6GiU38_A
948,https://www.youtube.com/watch?v=QMpm3YsmMdE
949,https://www.youtube.com/watch?v=VLoMb3zlrUI
950,https://www.youtube.com/watch?v=P-r-aNVu3tU
951,https://www.youtube.com/watch?v=wmN8_0IYuYg
952,https://www.youtube.com/watch?v=xhpIkJvPUe0
953,https://www.youtube.com/watch?v=MDBX7Hhn8gg
954,https://www.youtube.com/watch?v=PRkfEM7QTSc
955,https://www.youtube.com/watch?v=vKVmWpwUeUo
956,https://www.youtube.com/watch?v=tVPZ3H3iS4o
957,https://www.youtube.com/watch?v=6h8VDx2TwUU
958,https://www.youtube.com/watch?v=NKoQ4y9eeJY
959,https://www.youtube.com/watch?v=aYOqYP_yoxY
960,https://www.youtube.com/watch?v=TTVFIRuo_sY
961,https://www.youtube.com/watch?v=nU0YMERUuks
962,https://www.youtube.com/watch?v=LVvr5uP5P4Y
963,https://www.youtube.com/watch?v=_nkS0QJDK5A
964,https://www.youtube.com/watch?v=sZ8IRCAGQL4
965,https://www.youtube.com/watch?v=JNAlOx03Coc
966,https://www.youtube.com/watch?v=6kPApAK4E1E
967,https://www.youtube.com/watch?v=Mks4kLuz-ho
968,https://www.youtube.com/watch?v=rS8KB7hR3p4
969,https://www.youtube.com/watch?v=L7Iyx-OnSIE
970,https://www.youtube.com/watch?v=JEDgSHGiakA
971,https://www.youtube.com/watch?v=KDLOTGqe0rE
972,https://www.youtube.com/watch?v=NvHet9HAlQE
973,https://www.youtube.com/watch?v=_XYToqPrHVo
974,https://www.youtube.com/watch?v=CH1V7dnsDbA
975,https://www.youtube.com/watch?v=EFEIJXXRFCY
976,https://www.youtube.com/watch?v=wZMT4lcuZYw
977,https://www.youtube.com/watch?v=FXsDLniZW5A
978,https://www.youtube.com/watch?v=_k_wMHFfbjw
979,https://www.youtube.com/watch?v=VcEen-kxXWk
980,https://www.youtube.com/watch?v=zXearltBEOY
981,https://www.youtube.com/watch?v=txSTjFZ7VYU
982,https://www.youtube.com/watch?v=OuKqPdkHXPc
983,https://www.youtube.com/watch?v=lUGiKaZhRiI
984,https://www.youtube.com/watch?v=wsfqfdQtMf8
985,https://www.youtube.com/watch?v=Xpk-pHR2XqY
986,https://www.youtube.com/watch?v=xbFwkNexEgY
987,https://www.youtube.com/watch?v=wfMqp0D2-Rg
988,https://www.youtube.com/watch?v=t2fty0DdGcE
989,https://www.youtube.com/watch?v=tKa87Mu3MqE
990,https://www.youtube.com/watch?v=u3hs5I0fuSc
991,https://www.youtube.com/watch?v=gzaDI8-tea8
992,https://www.youtube.com/watch?v=Wf1YdmZXWpw
993,https://www.youtube.com/watch?v=lQxfruokBQQ
994,https://www.youtube.com/watch?v=QZmiGyOTpMA
995,https://www.youtube.com/watch?v=1mYEsYMcyd8
996,https://www.youtube.com/watch?v=hdD2FxWjb98
997,https://www.youtube.com/watch?v=jovLCEfd4tQ
998,https://www.youtube.com/watch?v=HERGgCWX1uY
999,https://www.youtube.com/watch?v=_c_INumiAog
1000,https://www.youtube.com/watch?v=OxTFjV2gAyQ
1001,https://www.youtube.com/watch?v=h7bAVMGxbQw
1002,https://www.youtube.com/watch?v=oZJuUq2rJZA
1003,https://www.youtube.com/watch?v=UUEoZ9hUsg8
1004,https://www.youtube.com/watch?v=-OPLx8l8kPw
1005,https://www.youtube.com/watch?v=dfjU_1AB8oU
1006,https://www.youtube.com/watch?v=siX2XzfXJ0c
1007,https://www.youtube.com/watch?v=Q94nfZv5S2U
1008,https://www.youtube.com/watch?v=rMn8sDU24N8
1009,https://www.youtube.com/watch?v=MBivEfkL5QQ
1010,https://www.youtube.com/watch?v=otrdx9slnWk
1011,https://www.youtube.com/watch?v=YLhFZ5DMP00
1012,https://www.youtube.com/watch?v=GUgSuFhnA3A
1013,https://www.youtube.com/watch?v=W9vd5eVpoL8
1014,https://www.youtube.com/watch?v=KklDSdg3E_g
1015,https://www.youtube.com/watch?v=HFyVqPA39hg
1016,https://www.youtube.com/watch?v=d5-eTncoKro
1017,https://www.youtube.com/watch?v=cG0nJHkdbrM
1018,https://www.youtube.com/watch?v=TipGrm0cjcw
1019,https://www.youtube.com/watch?v=52CswjC1hmc
1020,https://www.youtube.com/watch?v=yEHK_g9TAyE
1021,https://www.youtube.com/watch?v=AyiWE4R4z0A
1022,https://www.youtube.com/watch?v=C-_Jjh6xCXc
1023,https://www.youtube.com/watch?v=Kr4fZ5Ofrjw
1024,https://www.youtube.com/watch?v=hSPNqtUk0Ow
1025,https://www.youtube.com/watch?v=6BRGnRCSkSw
1026,https://www.youtube.com/watch?v=eCtTmeOlLEw
1027,https://www.youtube.com/watch?v=1o8klVTYVWM
1028,https://www.youtube.com/watch?v=y3JK8a0Fw0Y
1029,https://www.youtube.com/watch?v=ads5phG7Vj0
1030,https://www.youtube.com/watch?v=y3E7oLHqO1g
1031,https://www.youtube.com/watch?v=NvgppdnqJSw
1032,https://www.youtube.com/watch?v=XckbfO0EJeU
1033,https://www.youtube.com/watch?v=sBnaS0Z_1_k
1034,https://www.youtube.com/watch?v=6_PDKVd1al4
1035,https://www.youtube.com/watch?v=sFn_S0ADNUQ
1036,https://www.youtube.com/watch?v=OSiAaY_ANEI
1037,https://www.youtube.com/watch?v=ltg-9PjOMtU
1038,https://www.youtube.com/watch?v=E1Gp56SK1qw
1039,https://www.youtube.com/watch?v=iqj4pxRT_30
1040,https://www.youtube.com/watch?v=ejnFnc4WAyM
1041,https://www.youtube.com/watch?v=HASUopQqj5o
1042,https://www.youtube.com/watch?v=qz7yNsOM7q0
1043,https://www.youtube.com/watch?v=gSf9sqMdJLs
1044,https://www.youtube.com/watch?v=V0Mw5QO2s7I
1045,https://www.youtube.com/watch?v=DsNb5nHmsF0
1046,https://www.youtube.com/watch?v=VMm0uefnjdI
1047,https://www.youtube.com/watch?v=H-2-ePcdLsQ
1048,https://www.youtube.com/watch?v=fzhumoqF0gg
1049,https://www.youtube.com/watch?v=bsxQBQj_BUQ
1050,https://www.youtube.com/watch?v=25DqepHdk8E
1051,https://www.youtube.com/watch?v=AlhhUS0Ot_E
1052,https://www.youtube.com/watch?v=ZYJGHPtrhFw
1053,https://www.youtube.com/watch?v=6ohDCV7c9k0
1054,https://www.youtube.com/watch?v=tQetg-6lEUo
1055,https://www.youtube.com/watch?v=_CV3NXDAe4U
1056,https://www.youtube.com/watch?v=ZrGCxZc0mck
1057,https://www.youtube.com/watch?v=nZBzs0nU07k
1058,https://www.youtube.com/watch?v=BL397I_vx80
1059,https://www.youtube.com/watch?v=wQfNSF6KELo
1060,https://www.youtube.com/watch?v=Bsk1Uryvw5E
1061,https://www.youtube.com/watch?v=7c-ep-Y-Ov8
1062,https://www.youtube.com/watch?v=YVV-DW3tfAY
1063,https://www.youtube.com/watch?v=QXJAruvCF68
1064,https://www.youtube.com/watch?v=QZX9yDd2pGI
1065,https://www.youtube.com/watch?v=eZhRlqR0XBY
1066,https://www.youtube.com/watch?v=FiQvGsYwZ6w
1067,https://www.youtube.com/watch?v=deqycLRrBLw
1068,https://www.youtube.com/watch?v=EU4JaYxRx0E
1069,https://www.youtube.com/watch?v=JVB2P8SZGtM
1070,https://www.youtube.com/watch?v=PUijPQzGKJE
1071,https://www.youtube.com/watch?v=C6yvyP28iw8
1072,https://www.youtube.com/watch?v=7xkN0TuIjBI
1073,https://www.youtube.com/watch?v=T6fdjOPZAho
1074,https://www.youtube.com/watch?v=1AS8RKDMlTY
1075,https://www.youtube.com/watch?v=ijyKXU8Zvxg
1076,https://www.youtube.com/watch?v=wd1mtmHq_Qw
1077,https://www.youtube.com/watch?v=P81VrG-ubPk
1078,https://www.youtube.com/watch?v=ZaBLYKBQmB0
1079,https://www.youtube.com/watch?v=hUoNUX5FGiQ
1080,https://www.youtube.com/watch?v=WjTESrthfSU
1081,https://www.youtube.com/watch?v=mKyN4zqKRKc
1082,https://www.youtube.com/watch?v=YgjUunaMO3I
1083,https://www.youtube.com/watch?v=hXI_D3zt5MU
1084,https://www.youtube.com/watch?v=tUcUcDx3fPw
1085,https://www.youtube.com/watch?v=hVoOzIRa7Gk
1086,https://www.youtube.com/watch?v=f8Vo3LIfRMo
1087,https://www.youtube.com/watch?v=1qsw_5IZuFY
1088,https://www.youtube.com/watch?v=vlr5NIdh_UY
1089,https://www.youtube.com/watch?v=f0wqVJanFYQ
1090,https://www.youtube.com/watch?v=B8vOcJD5PFA
1091,https://www.youtube.com/watch?v=T8aQkOu0Z4U
1092,https://www.youtube.com/watch?v=j0PUbrUGDH4
1093,https://www.youtube.com/watch?v=E6yb4avIlpk
1094,https://www.youtube.com/watch?v=oE_NODYoiKs
1095,https://www.youtube.com/watch?v=IyvT-U7hRUQ
1096,https://www.youtube.com/watch?v=8O0RBvNGZGw
1097,https://www.youtube.com/watch?v=969HHqoggZ0
1098,https://www.youtube.com/watch?v=P3PfMBHSbTo
1099,https://www.youtube.com/watch?v=x5s4667F9Sg
1100,https://www.youtube.com/watch?v=NOUMfQt8vnA
1101,https://www.youtube.com/watch?v=sIhs1oD5a2M
1102,https://www.youtube.com/watch?v=sJqsQMya1Os
1103,https://www.youtube.com/watch?v=zdZn55_NN2c
1104,https://www.youtube.com/watch?v=FoOOpGWGrHE
1105,https://www.youtube.com/watch?v=NYvWTQC5v4Q
1106,https://www.youtube.com/watch?v=ftPPhuqhf8c
1107,https://www.youtube.com/watch?v=UabJCxudG8g
1108,https://www.youtube.com/watch?v=6QhghCUUftY
1109,https://www.youtube.com/watch?v=JvsNK3GNPBg
1110,https://www.youtube.com/watch?v=etDJhn8pZ70
1111,https://www.youtube.com/watch?v=G1eDFQ1rY6c
1112,https://www.youtube.com/watch?v=tZ96n_2_cvE
1113,https://www.youtube.com/watch?v=6nU_ws-S9o0
1114,https://www.youtube.com/watch?v=zkY_YAZG4UQ
1115,https://www.youtube.com/watch?v=OHeTjszslMo
1116,https://www.youtube.com/watch?v=B4etsd4wxtU
1117,https://www.youtube.com/watch?v=APoF-WXCnJM
1118,https://www.youtube.com/watch?v=jlPt97zlBek
1119,https://www.youtube.com/watch?v=KPgp6cckfxM
1120,https://www.youtube.com/watch?v=bI4xzGg-Cy8
1121,https://www.youtube.com/watch?v=TYDDh5d0EL4
1122,https://www.youtube.com/watch?v=7-cbq0nWJAU
1123,https://www.youtube.com/watch?v=HKHIUhKJY7M
1124,https://www.youtube.com/watch?v=UyLbVJRxCBo
1125,https://www.youtube.com/watch?v=4SCjNPf4OCk
1126,https://www.youtube.com/watch?v=QrRJCP-FNa8
1127,https://www.youtube.com/watch?v=8Tg_FemAZqI
1128,https://www.youtube.com/watch?v=blFcu5D-Mqc
1129,https://www.youtube.com/watch?v=h9nwPr1moc0
1130,https://www.youtube.com/watch?v=9vmKE1GQEqY
1131,https://www.youtube.com/watch?v=aTouHa-5cf0
1132,https://www.youtube.com/watch?v=dbdICdAQdj4
1133,https://www.youtube.com/watch?v=6lYLzRzy5us
1134,https://www.youtube.com/watch?v=Z7rW8pV-pm0
1135,https://www.youtube.com/watch?v=i57OekVF-zs
1136,https://www.youtube.com/watch?v=GfMNSmB_xig
1137,https://www.youtube.com/watch?v=yUWXGios4H0
1138,https://www.youtube.com/watch?v=wVLwD-Uf1L4
1139,https://www.youtube.com/watch?v=YO3DflvTDeM
1140,https://www.youtube.com/watch?v=FjQb7rO3OO4
1141,https://www.youtube.com/watch?v=Yt5ryrKIeNY
1142,https://www.youtube.com/watch?v=r0HeTzpeSRw
1143,https://www.youtube.com/watch?v=FHYSwv6LG_w
1144,https://www.youtube.com/watch?v=TOSIbACGHKQ
1145,https://www.youtube.com/watch?v=8qHEkahEsVY
1146,https://www.youtube.com/watch?v=vYoaL5dWbH4
1147,https://www.youtube.com/watch?v=GgiIlGqmcm8
1148,https://www.youtube.com/watch?v=kUUHb6ObBD4
1149,https://www.youtube.com/watch?v=GBZPvinVYUs
1150,https://www.youtube.com/watch?v=33PR9se1VhI
1151,https://www.youtube.com/watch?v=ebcJGxFHkh0
1152,https://www.youtube.com/watch?v=cXG3r1_Nx9U
1153,https://www.youtube.com/watch?v=SwJpJPGpvno
1154,https://www.youtube.com/watch?v=lamJnfk1-CQ
1155,https://www.youtube.com/watch?v=XUDOiOce1QA
1156,https://www.youtube.com/watch?v=4XHHfnEoyUg
1157,https://www.youtube.com/watch?v=qbxZHSs24hs
1158,https://www.youtube.com/watch?v=FpY6BBk1-0A
1159,https://www.youtube.com/watch?v=D9kLfXfQvls
1160,https://www.youtube.com/watch?v=u5Gd7EvFRJM
1161,https://www.youtube.com/watch?v=34DgPvKx9kA
1162,https://www.youtube.com/watch?v=Of5_VMRCKjg
1163,https://www.youtube.com/watch?v=4AYlKvIt4VY
1164,https://www.youtube.com/watch?v=lxkfW9972Wg
1165,https://www.youtube.com/watch?v=OtMoNXEEDwU
1166,https://www.youtube.com/watch?v=wg2J-RAzXLI
1167,https://www.youtube.com/watch?v=UynGBQAt0Yc
1168,https://www.youtube.com/watch?v=IHAoCfWh-sA
1169,https://www.youtube.com/watch?v=AjQwioLwv8A
1170,https://www.youtube.com/watch?v=tMAHmwUzCAk
1171,https://www.youtube.com/watch?v=5elbHCQQzF4
1172,https://www.youtube.com/watch?v=ELdGyxJsEdo
1173,https://www.youtube.com/watch?v=c4n4IuBTrCM
1174,https://www.youtube.com/watch?v=JP0oYBNDmp4
1175,https://www.youtube.com/watch?v=njfa5ItF9hw
1176,https://www.youtube.com/watch?v=15WMQVK0uf0
1177,https://www.youtube.com/watch?v=BBOX4-WQ21s
1178,https://www.youtube.com/watch?v=prYLLJyiX9M
1179,https://www.youtube.com/watch?v=_Anbjrmy-M4
1180,https://www.youtube.com/watch?v=7cr0uMzg9jY
1181,https://www.youtube.com/watch?v=eSIhBuYxS4c
1182,https://www.youtube.com/watch?v=pDZYjmpjHzk
1183,https://www.youtube.com/watch?v=D7dzOjXNoAE
1184,https://www.youtube.com/watch?v=H15_A9Lkra4
1185,https://www.youtube.com/watch?v=KcqZPV66JDU
1186,https://www.youtube.com/watch?v=cyQJunzH9Os
1187,https://www.youtube.com/watch?v=lTfWtbu8YrM
1188,https://www.youtube.com/watch?v=-hNfwYzs5Oo
1189,https://www.youtube.com/watch?v=Trihz-ckLE8
1190,https://www.youtube.com/watch?v=1LeqcFvehG0
1191,https://www.youtube.com/watch?v=WyvqznmTRj8
1192,https://www.youtube.com/watch?v=igoIaUSTQ9s
1193,https://www.youtube.com/watch?v=DzTbQHX0i2s
1194,https://www.youtube.com/watch?v=FYRnsPqK6e8
1195,https://www.youtube.com/watch?v=71GbzWBpgEg
1196,https://www.youtube.com/watch?v=vHN0HwnC1dU
1197,https://www.youtube.com/watch?v=GraHwdVYDhI
1198,https://www.youtube.com/watch?v=yZDpj42kdTo
1199,https://www.youtube.com/watch?v=bDZqTuTRNdA
1200,https://www.youtube.com/watch?v=OYI4a6rRBz8
1201,https://www.youtube.com/watch?v=2uOXQG90I4U
1202,https://www.youtube.com/watch?v=bH-DpncJ050
1203,https://www.youtube.com/watch?v=ZSWUfRfkoCc
1204,https://www.youtube.com/watch?v=LlQSDKbNVso
1205,https://www.youtube.com/watch?v=UgpCUDK2T0c
1206,https://www.youtube.com/watch?v=Cjr4bzA0_ww
1207,https://www.youtube.com/watch?v=4MIJwkMM4Jc
1208,https://www.youtube.com/watch?v=1nWVFDS6n-g
1209,https://www.youtube.com/watch?v=amlFQpU6ci8
1210,https://www.youtube.com/watch?v=ZMxB8rFE0TM
1211,https://www.youtube.com/watch?v=5qRPvYXYEPs
1212,https://www.youtube.com/watch?v=AlLGzqTtMZs
1213,https://www.youtube.com/watch?v=d5nM-_LOKLU
1214,https://www.youtube.com/watch?v=3PGQyz8tD58
1215,https://www.youtube.com/watch?v=5TBZ6w-xnRQ
1216,https://www.youtube.com/watch?v=qVWn9IG-RMU
1217,https://www.youtube.com/watch?v=9sKzQ_PezDo
1218,https://www.youtube.com/watch?v=O9P-eAgTmH4
1219,https://www.youtube.com/watch?v=gFfqMdCZ5q8
1220,https://www.youtube.com/watch?v=ObnzGawFq2o
1221,https://www.youtube.com/watch?v=aY4dP07sITE
1222,https://www.youtube.com/watch?v=OHV8KcrcHbI
1223,https://www.youtube.com/watch?v=7_SW9eC0rz8
1224,https://www.youtube.com/watch?v=XgWhuwMHF2w
1225,https://www.youtube.com/watch?v=ejNEpoRL8aE
1226,https://www.youtube.com/watch?v=b5UP5_nZ3ts
1227,https://www.youtube.com/watch?v=3dxElin-tPk
1228,https://www.youtube.com/watch?v=uHnDnwwEYv4
1229,https://www.youtube.com/watch?v=CIWr2OkOnYQ
1230,https://www.youtube.com/watch?v=hlqDyVpnM7A
1231,https://www.youtube.com/watch?v=6I3cZaDFgXs
1232,https://www.youtube.com/watch?v=lHrsFYGKlUI
1233,https://www.youtube.com/watch?v=HmJ-8qDEqCQ
1234,https://www.youtube.com/watch?v=3ySNa2gnV9w
1235,https://www.youtube.com/watch?v=e449GgDLx-o
1236,https://www.youtube.com/watch?v=LNPf6LNVBOE
1237,https://www.youtube.com/watch?v=U8o1BjSrNrs
1238,https://www.youtube.com/watch?v=lV3oLb_l40o
1239,https://www.youtube.com/watch?v=uNWWbhR9DH4
1240,https://www.youtube.com/watch?v=FNbdSF2djGo
1241,https://www.youtube.com/watch?v=wqxgSVLKfxk
1242,https://www.youtube.com/watch?v=viUeBPTCmF0
1243,https://www.youtube.com/watch?v=uvq14y6zYQ0
1244,https://www.youtube.com/watch?v=z4u6hLiovC4
1245,https://www.youtube.com/watch?v=26wwe3VLqVE
1246,https://www.youtube.com/watch?v=E7JhC9RoW1c
1247,https://www.youtube.com/watch?v=RGR2X-i9PZ0
1248,https://www.youtube.com/watch?v=UhO1G7aKQ_M
1249,https://www.youtube.com/watch?v=nfaId82edRU
1250,https://www.youtube.com/watch?v=GErizTzt-Nw
1251,https://www.youtube.com/watch?v=14OkGAJ17-c
1252,https://www.youtube.com/watch?v=kTEL9doTTRw
1253,https://www.youtube.com/watch?v=pjzJtbk49F8
1254,https://www.youtube.com/watch?v=zZpLK5T1cdM
1255,https://www.youtube.com/watch?v=heVenFSYEJ0
1256,https://www.youtube.com/watch?v=kE-uS_ypvdQ
1257,https://www.youtube.com/watch?v=UOwwvt8GznU
1258,https://www.youtube.com/watch?v=vIQyAOaSeY8
1259,https://www.youtube.com/watch?v=Xa--kbpe6Ik
1260,https://www.youtube.com/watch?v=12jn8m3nJcE
1261,https://www.youtube.com/watch?v=RvGDgJphYu4
1262,https://www.youtube.com/watch?v=x0m3lX-4ew0
1263,https://www.youtube.com/watch?v=KO7SvD0iFeo
1264,https://www.youtube.com/watch?v=sYqJf6opEIE
1265,https://www.youtube.com/watch?v=tgTYjHAZH8Q
1266,https://www.youtube.com/watch?v=WH9yEDcwC7k
1267,https://www.youtube.com/watch?v=aez8Dlk-9Gw
1268,https://www.youtube.com/watch?v=bFTtsEqq8uQ
1269,https://www.youtube.com/watch?v=b18l5869Lms
1270,https://www.youtube.com/watch?v=lIBywSiba3c
1271,https://www.youtube.com/watch?v=oRQeP92ak8k
1272,https://www.youtube.com/watch?v=AQBK7Bf2zr4
1273,https://www.youtube.com/watch?v=IrRy8FU-rNQ
1274,https://www.youtube.com/watch?v=DvwPVTSTGfw
1275,https://www.youtube.com/watch?v=wAm_sEjIMnM
1276,https://www.youtube.com/watch?v=TbQxzEsOGb4
1277,https://www.youtube.com/watch?v=fEbaQ1KK5is
1278,https://www.youtube.com/watch?v=gl0R_HRXF5Q
1279,https://www.youtube.com/watch?v=b9wjaW1CfKQ
1280,https://www.youtube.com/watch?v=dUZu1ziUFu8
1281,https://www.youtube.com/watch?v=fKvBfGljnVE
1282,https://www.youtube.com/watch?v=Q77YGIHJVWM
1283,https://www.youtube.com/watch?v=l12tvUEE2PU
1284,https://www.youtube.com/watch?v=dT6jij1N9ZI
1285,https://www.youtube.com/watch?v=j6mSkj_h4dc
1286,https://www.youtube.com/watch?v=4744Q9Q6ZEs
1287,https://www.youtube.com/watch?v=to_0-W8KM4U
1288,https://www.youtube.com/watch?v=flwi76j6Dfk
1289,https://www.youtube.com/watch?v=YCDIQyHUkmA
1290,https://www.youtube.com/watch?v=P04b_wwgjfU
1291,https://www.youtube.com/watch?v=u9dTc2gLUsk
1292,https://www.youtube.com/watch?v=Vhe-piy5JiE
1293,https://www.youtube.com/watch?v=LnagEN9B9T4
1294,https://www.youtube.com/watch?v=TvCKnjYbObA
1295,https://www.youtube.com/watch?v=gKT_EBZ9jy8
1296,https://www.youtube.com/watch?v=pOm3Hb9Txto
1297,https://www.youtube.com/watch?v=Q7mTHApAHbc
1298,https://www.youtube.com/watch?v=ixkSsiJuexk
1299,https://www.youtube.com/watch?v=iGVsxT8n8Sk
1300,https://www.youtube.com/watch?v=t-mt3uko9o0
1301,https://www.youtube.com/watch?v=ExR7xOmx1hw
1302,https://www.youtube.com/watch?v=mdN1_s8V6eE
1303,https://www.youtube.com/watch?v=CMQB3hFlYYY
1304,https://www.youtube.com/watch?v=3PeRn4FYhOw
1305,https://www.youtube.com/watch?v=EZjnu48n66k
1306,https://www.youtube.com/watch?v=kHHPfaoHo7s
1307,https://www.youtube.com/watch?v=EDvqnniPh9k
1308,https://www.youtube.com/watch?v=V8S7ppYodao
1309,https://www.youtube.com/watch?v=H5Yq0HtDuHA
1310,https://www.youtube.com/watch?v=-DKZmZLFdmM
1311,https://www.youtube.com/watch?v=e7ucyNkJquY
1312,https://www.youtube.com/watch?v=eOpUW-e2qm0
1313,https://www.youtube.com/watch?v=loHieo0L_jk
1314,https://www.youtube.com/watch?v=0_TkKjAKoTQ
1315,https://www.youtube.com/watch?v=q4YtZ-B75jY
1316,https://www.youtube.com/watch?v=09eDHSYG3po
1317,https://www.youtube.com/watch?v=ajOQyi-WZy4
1318,https://www.youtube.com/watch?v=8bSwI8phD3Y
1319,https://www.youtube.com/watch?v=nZ6dbVZ8Xu0
1320,https://www.youtube.com/watch?v=Rhc6Vjt5mRg
1321,https://www.youtube.com/watch?v=roCa_g_biIQ
1322,https://www.youtube.com/watch?v=MLWX-f11jH4
1323,https://www.youtube.com/watch?v=-nWq_HVGJBE
1324,https://www.youtube.com/watch?v=Pd9lS-m5AEs
1325,https://www.youtube.com/watch?v=69ZCyBZSoqs
1326,https://www.youtube.com/watch?v=Pgo66XcRoLw
1327,https://www.youtube.com/watch?v=7G_ev-wcvMw
1328,https://www.youtube.com/watch?v=_bakpJwlEW4
1329,https://www.youtube.com/watch?v=KdrrP8hPNtA
1330,https://www.youtube.com/watch?v=utrcq_zRliU
1331,https://www.youtube.com/watch?v=9seOC34JJi8
1332,https://www.youtube.com/watch?v=gourVt7uBf0
1333,https://www.youtube.com/watch?v=4_xa3hlUme4
1334,https://www.youtube.com/watch?v=d3ddAAUtdAo
1335,https://www.youtube.com/watch?v=1dC7p05kzvU
1336,https://www.youtube.com/watch?v=Kr7bw6j3yn4
1337,https://www.youtube.com/watch?v=U4UlTd2WmYU
1338,https://www.youtube.com/watch?v=arIEPEsSgQo
1339,https://www.youtube.com/watch?v=W7BCfXrPG-w
1340,https://www.youtube.com/watch?v=e092EGlpK-I
1341,https://www.youtube.com/watch?v=jRhF6jsLgoc
1342,https://www.youtube.com/watch?v=y5Qa5Ej2Ee0
1343,https://www.youtube.com/watch?v=b9R-qqSXzU4
1344,https://www.youtube.com/watch?v=U7XxJ8RNBn4
1345,https://www.youtube.com/watch?v=3cWyqLL1GJc
1346,https://www.youtube.com/watch?v=Ux6oHzRKQNw
1347,https://www.youtube.com/watch?v=eVsqujSYZYo
1348,https://www.youtube.com/watch?v=i_nBBu4Qx4M
1349,https://www.youtube.com/watch?v=9xhghbZEeZE
1350,https://www.youtube.com/watch?v=eact2dK-wCo
1351,https://www.youtube.com/watch?v=LWGpqZ9fxRQ
1352,https://www.youtube.com/watch?v=OImxmiFUmoQ
1353,https://www.youtube.com/watch?v=HE50NoG17ds
1354,https://www.youtube.com/watch?v=1-Sn9dKYRtM
1355,https://www.youtube.com/watch?v=OCyHsAidO2k
1356,https://www.youtube.com/watch?v=1FvCp4NQ2pk
1357,https://www.youtube.com/watch?v=2HILPQhM60U
1358,https://www.youtube.com/watch?v=-ta1BcU-FaU
1359,https://www.youtube.com/watch?v=wEndR2Ieov4
1360,https://www.youtube.com/watch?v=U8ssof7hGC8
1361,https://www.youtube.com/watch?v=djWwoEf7mPc
1362,https://www.youtube.com/watch?v=gydy_062OTY
1363,https://www.youtube.com/watch?v=_tt49mKqRjo
1364,https://www.youtube.com/watch?v=LIjASmFH0QY
1365,https://www.youtube.com/watch?v=gckZCI3lZlg
1366,https://www.youtube.com/watch?v=OSugiu4SJPw
1367,https://www.youtube.com/watch?v=fqr4EoyDNrI
1368,https://www.youtube.com/watch?v=au5V-IcdHaI
1369,https://www.youtube.com/watch?v=E_3fcFwadBc
1370,https://www.youtube.com/watch?v=2Q96pRDfSG0
1371,https://www.youtube.com/watch?v=gzuChB9jkoA
1372,https://www.youtube.com/watch?v=SCOB9SWoX9A
1373,https://www.youtube.com/watch?v=NVzeuBMQbtQ
1374,https://www.youtube.com/watch?v=JMFxa-RM7Jw
1375,https://www.youtube.com/watch?v=eRMrZnr5v9o
1376,https://www.youtube.com/watch?v=Ng4EWiZSvx4
1377,https://www.youtube.com/watch?v=VFDBGmXZNIw
1378,https://www.youtube.com/watch?v=1vjCxgQs1Xo
1379,https://www.youtube.com/watch?v=oMbAuKcuuk4
1380,https://www.youtube.com/watch?v=OhAoF83MgcQ
1381,https://www.youtube.com/watch?v=47SzMck17TY
1382,https://www.youtube.com/watch?v=o9cXYpQS8J0
1383,https://www.youtube.com/watch?v=ziQHwfXZLnU
1384,https://www.youtube.com/watch?v=N0Uo-krCcfE
1385,https://www.youtube.com/watch?v=vCH6GPASo6g
1386,https://www.youtube.com/watch?v=v_RfRAd-UdQ
1387,https://www.youtube.com/watch?v=4Qs-UftpA5E
1388,https://www.youtube.com/watch?v=aRRqvzHNrdE
1389,https://www.youtube.com/watch?v=uTJsnZ7rUL4
1390,https://www.youtube.com/watch?v=yBMgUB-MnDY
1391,https://www.youtube.com/watch?v=lAmy7KEH47I
1392,https://www.youtube.com/watch?v=r4ilUa8czaI
1393,https://www.youtube.com/watch?v=i9QUR9_3i4s
1394,https://www.youtube.com/watch?v=IMsMiMOL9Ws
1395,https://www.youtube.com/watch?v=I89UZXUbbvY
1396,https://www.youtube.com/watch?v=nTdtmGaZXpo
1397,https://www.youtube.com/watch?v=hYvrkG1rPTw
1398,https://www.youtube.com/watch?v=7gebb8OBP4Y
1399,https://www.youtube.com/watch?v=XvRISMCnWR0
1400,https://www.youtube.com/watch?v=p0gNt690Pkc
1401,https://www.youtube.com/watch?v=MB2p437vnlA
1402,https://www.youtube.com/watch?v=OboA1RBMF50
1403,https://www.youtube.com/watch?v=1NJcY_4VFIU
1404,https://www.youtube.com/watch?v=Aa2fp0cyx-o
1405,https://www.youtube.com/watch?v=fokXbi3Kz0Y
1406,https://www.youtube.com/watch?v=9r14RlSVTG4
1407,https://www.youtube.com/watch?v=4CHPAwu8i3A
1408,https://www.youtube.com/watch?v=Cyhp2eID7tE
1409,https://www.youtube.com/watch?v=AATAN_gkYZk
1410,https://www.youtube.com/watch?v=2OHVRVouQh4
1411,https://www.youtube.com/watch?v=1niCKFOXp-0
1412,https://www.youtube.com/watch?v=seU32x8RSm8
1413,https://www.youtube.com/watch?v=s1Gl2ph05Vo
1414,https://www.youtube.com/watch?v=D7U4sutMg0Y
1415,https://www.youtube.com/watch?v=J76q79JcooA
1416,https://www.youtube.com/watch?v=Yd73eywUrBM
1417,https://www.youtube.com/watch?v=ipO8KCLfO7Q
1418,https://www.youtube.com/watch?v=d1IUsHlJWqI
1419,https://www.youtube.com/watch?v=cIh2oiPetN8
1420,https://www.youtube.com/watch?v=nol34zo4uNQ
1421,https://www.youtube.com/watch?v=6wGWs7GBQho
1422,https://www.youtube.com/watch?v=p9K_CPN38dU
1423,https://www.youtube.com/watch?v=OTOqeJk85NQ
1424,https://www.youtube.com/watch?v=DOUhMpNU3v8
1425,https://www.youtube.com/watch?v=QVa8Q9kzMIs
1426,https://www.youtube.com/watch?v=s-BkrPztuFE
1427,https://www.youtube.com/watch?v=bHPX77qHePg
1428,https://www.youtube.com/watch?v=hBypRSywghs
1429,https://www.youtube.com/watch?v=r3GWrEZz36g
1430,https://www.youtube.com/watch?v=jqpdOpOlDWQ
1431,https://www.youtube.com/watch?v=jFLmzUWW4OY
1432,https://www.youtube.com/watch?v=5xo0sUo9paM
1433,https://www.youtube.com/watch?v=o9ayJHDnKL4
1434,https://www.youtube.com/watch?v=j0PvTqZsA40
1435,https://www.youtube.com/watch?v=ZG8S4Nr4n-w
1436,https://www.youtube.com/watch?v=TjczfRJ5_HY
1437,https://www.youtube.com/watch?v=fkfEEwQJzrg
1438,https://www.youtube.com/watch?v=1V684W2PX8M
1439,https://www.youtube.com/watch?v=kw3nmYSa5n4
1440,https://www.youtube.com/watch?v=jJ6OECW_DoA
1441,https://www.youtube.com/watch?v=6esydMr8XVg
1442,https://www.youtube.com/watch?v=THHZTCAY52w
1443,https://www.youtube.com/watch?v=qGWlPoBopCE
1444,https://www.youtube.com/watch?v=30pQplj5Gs0
1445,https://www.youtube.com/watch?v=Vr5geEGHK6k
1446,https://www.youtube.com/watch?v=nIbd2mdKQp4
1447,https://www.youtube.com/watch?v=74tGrE7T4Nw
1448,https://www.youtube.com/watch?v=I6jMyM8TADg
1449,https://www.youtube.com/watch?v=jnN2qd-w7wA
1450,https://www.youtube.com/watch?v=bk_2momhCXQ
1451,https://www.youtube.com/watch?v=dmywo0ULxCM
1452,https://www.youtube.com/watch?v=uPbwV5gagEU
1453,https://www.youtube.com/watch?v=8i6EsOhPF1o
1454,https://www.youtube.com/watch?v=AnQ38iZaGsk
1455,https://www.youtube.com/watch?v=n70j4r8KGU4
1456,https://www.youtube.com/watch?v=S7hALvLku8A
1457,https://www.youtube.com/watch?v=ZWART8VwEJo
1458,https://www.youtube.com/watch?v=ShldVxFzAIk
1459,https://www.youtube.com/watch?v=VuDEZIZXImg
1460,https://www.youtube.com/watch?v=vl1_bgIOqbU
1461,https://www.youtube.com/watch?v=PLz4FtkzpmQ
1462,https://www.youtube.com/watch?v=2v0dbFzaZYo
1463,https://www.youtube.com/watch?v=sovpnqVEzww
1464,https://www.youtube.com/watch?v=09AQWcwH0AA
1465,https://www.youtube.com/watch?v=DfXi-kT17lY
1466,https://www.youtube.com/watch?v=o7-ANjHhvjU
1467,https://www.youtube.com/watch?v=XqduWwDmE8c
1468,https://www.youtube.com/watch?v=HjTMjIv57wQ
1469,https://www.youtube.com/watch?v=QLnXxGhLO5s
1470,https://www.youtube.com/watch?v=usTeo5PkEEo
1471,https://www.youtube.com/watch?v=ElS6qztEQFI
1472,https://www.youtube.com/watch?v=7yYe4o_L8-s
1473,https://www.youtube.com/watch?v=XxptssCJW_g
1474,https://www.youtube.com/watch?v=csjalCuEqDs
1475,https://www.youtube.com/watch?v=jDnxYmRG9yI
1476,https://www.youtube.com/watch?v=U4G8ctXjbNc
1477,https://www.youtube.com/watch?v=Vx640K0vFAo
1478,https://www.youtube.com/watch?v=s3ldRgZZ2qY
1479,https://www.youtube.com/watch?v=-hojhE6yWMs
1480,https://www.youtube.com/watch?v=IQuHfRn8uis
1481,https://www.youtube.com/watch?v=ZnvOQPzcaZY
1482,https://www.youtube.com/watch?v=UiF69fq5Crs
1483,https://www.youtube.com/watch?v=4epLzPMDRtk
1484,https://www.youtube.com/watch?v=Jdztq63KPCY
1485,https://www.youtube.com/watch?v=XyIe9Zlbre8
1486,https://www.youtube.com/watch?v=1gONuE2nTzE
1487,https://www.youtube.com/watch?v=hUBoZe2z_Fg
1488,https://www.youtube.com/watch?v=G3GACZ1CUvA
1489,https://www.youtube.com/watch?v=J2oZScaG_LA
1490,https://www.youtube.com/watch?v=e9OUm2c7hlA
1491,https://www.youtube.com/watch?v=B5ERXQVHK3M
1492,https://www.youtube.com/watch?v=J2Mk22W20r0
1493,https://www.youtube.com/watch?v=PEk824cOfoY
1494,https://www.youtube.com/watch?v=6NATVEFEUO0
1495,https://www.youtube.com/watch?v=6VGlUXvmhCY
1496,https://www.youtube.com/watch?v=7Rx4HVvo9Vk
1497,https://www.youtube.com/watch?v=qfHcalHmFLE
1498,https://www.youtube.com/watch?v=9cVnte70Cgg
1499,https://www.youtube.com/watch?v=4RpmWZ2qJjc
1500,https://www.youtube.com/watch?v=TiJtRhv9sq0
1501,https://www.youtube.com/watch?v=msnOUp5k--E
1502,https://www.youtube.com/watch?v=4APndAEeg6k
1503,https://www.youtube.com/watch?v=18Jk44cp_8E
1504,https://www.youtube.com/watch?v=OsVcfBDqu00
1505,https://www.youtube.com/watch?v=CPamP64g2Mo
1506,https://www.youtube.com/watch?v=LqztrqcdwFk
1507,https://www.youtube.com/watch?v=Woee1heVSW8
1508,https://www.youtube.com/watch?v=U4qoT2gZoXI
1509,https://www.youtube.com/watch?v=6aWj_HUdGTs
1510,https://www.youtube.com/watch?v=s-oOp7qzdmw
1511,https://www.youtube.com/watch?v=o6_Txy-_f7k
1512,https://www.youtube.com/watch?v=y5lHFqCX-dk
1513,https://www.youtube.com/watch?v=eUfRE4LvqRw
1514,https://www.youtube.com/watch?v=xJh867KtBts
1515,https://www.youtube.com/watch?v=kIclqtHPIYw
1516,https://www.youtube.com/watch?v=WOS85nnEMLA
1517,https://www.youtube.com/watch?v=wRMsym0ja6s
1518,https://www.youtube.com/watch?v=nxXGkuqpB-o
1519,https://www.youtube.com/watch?v=7qD0e69J0HM
